fixed acidity,volatile acidity,citric acid,residual sugar,chlorides,free sulfur dioxide,total sulfur dioxide,density,pH,sulphates,alcohol,quality [cat],id
7.7,0.41,0.76,1.8,0.611,8,45,99.68,3.06,1.26,9.4,5,258
9.2,0.52,1,3.4,0.61,32,69,99.96,2.74,2,9.4,4,151
7.8,0.41,0.68,1.7,0.467,18,69,99.73,3.08,1.31,9.3,5,106
8.6,0.49,0.51,2,0.422,16,62,99.79,3.03,1.17,9,5,692
8.7,0.78,0.51,1.7,0.415,12,66,99.623,3,1.17,9.2,5,1370
8.7,0.78,0.51,1.7,0.415,12,66,99.623,3,1.17,9.2,5,1372
7.8,0.48,0.68,1.7,0.415,14,32,99.656,3.09,1.06,9.1,6,754
8.5,0.46,0.59,1.4,0.414,16,45,99.702,3.03,1.34,9.2,5,1051
9.1,0.76,0.68,1.7,0.414,18,64,99.652,2.9,1.33,9.1,6,1319
8.6,0.635,0.68,1.8,0.403,19,56,99.632,3.02,1.15,9.3,5,1260
9.5,0.55,0.66,2.3,0.387,12,37,99.82,3.17,0.67,9.6,5,730
7.7,0.27,0.68,3.5,0.358,5,10,99.72,3.25,1.08,9.9,7,281
7.9,0.32,0.51,1.8,0.341,17,56,99.69,3.04,1.08,9.2,6,19
8.9,0.59,0.5,2,0.337,27,81,99.64,3.04,1.61,9.5,6,226
7.5,0.49,0.2,2.6,0.332,8,14,99.68,3.21,0.9,10.5,6,42
8.9,0.61,0.49,2,0.27,23,110,99.72,3.12,1.02,9.3,5,181
8.9,0.635,0.37,1.7,0.263,5,62,99.71,3,1.09,9.3,5,240
9.8,0.5,0.49,2.6,0.25,5,20,99.9,3.31,0.79,10.7,6,568
6.9,0.635,0.17,2.4,0.241,6,18,99.61,3.4,0.59,10.3,6,777
6.9,0.63,0.33,6.7,0.235,66,115,99.787,3.22,0.56,9.5,5,1558
6.4,0.36,0.53,2.2,0.23,19,35,99.34,3.37,0.93,12.4,6,1570
8.7,0.7,0.24,2.5,0.226,5,15,99.91,3.32,0.6,9,6,567
8.3,0.49,0.36,1.8,0.222,6,16,99.8,3.18,0.6,9.5,6,666
10.2,0.54,0.37,15.4,0.214,55,95,100.369,3.18,0.77,9,6,1434
10.3,0.43,0.44,2.4,0.214,5,12,99.94,3.19,0.63,9.5,6,308
10.3,0.41,0.42,2.4,0.213,6,14,99.94,3.19,0.62,9.5,6,307
9.9,0.5,0.5,13.8,0.205,48,82,100.242,3.16,0.75,8.8,5,1474
9.9,0.5,0.5,13.8,0.205,48,82,100.242,3.16,0.75,8.8,5,1476
10.4,0.61,0.49,2.1,0.2,5,16,99.94,3.16,0.63,8.4,3,517
8.4,0.31,0.29,3.1,0.194,14,26,99.536,3.22,0.78,12,6,882
7,0.57,0,2,0.19,12,45,99.676,3.31,0.6,9.4,6,780
7.8,0.5,0.12,1.8,0.178,6,21,99.6,3.28,0.87,9.8,6,1146
7.3,1.07,0.09,1.7,0.178,10,89,99.62,3.3,0.57,9,5,120
10.8,0.47,0.43,2.1,0.171,27,66,99.82,3.17,0.76,10.8,6,1109
10,0.38,0.38,1.6,0.169,27,90,99.914,3.15,0.65,8.5,5,1436
7.4,0.64,0.17,5.4,0.168,52,98,99.736,3.28,0.5,9.5,5,1358
7.2,0.835,0,2,0.166,4,11,99.608,3.39,0.52,10,5,1334
6.5,0.885,0,2.3,0.166,6,12,99.551,3.56,0.51,10.8,5,1191
7.4,0.53,0.12,1.9,0.165,4,12,99.702,3.26,0.86,9.2,5,808
5.3,0.715,0.19,1.5,0.161,7,62,99.395,3.62,0.61,11,5,916
8.1,0.38,0.48,1.8,0.157,5,17,99.76,3.3,1.05,9.4,5,689
7.9,0.4,0.29,1.8,0.157,1,44,99.73,3.3,0.92,9.5,6,773
7.5,0.58,0.56,3.1,0.153,5,14,99.476,3.21,1.03,11.6,6,1371
10.6,0.36,0.6,2.2,0.152,7,18,99.86,3.04,1.06,9.4,5,483
11.6,0.47,0.44,1.6,0.147,36,51,99.836,3.38,0.86,9.9,4,833
7.6,1.58,0,2.1,0.137,5,9,99.476,3.5,0.4,10.9,3,1299
9.9,0.72,0.55,1.7,0.136,24,52,99.752,3.35,0.94,10,5,1207
10.8,0.89,0.3,2.6,0.132,7,60,99.786,2.99,1.18,10.2,5,795
10.9,0.32,0.52,1.8,0.132,17,44,99.734,3.28,0.77,11.5,6,1220
10.9,0.32,0.52,1.8,0.132,17,44,99.734,3.28,0.77,11.5,6,1221
9.3,0.38,0.48,3.8,0.132,3,11,99.577,3.23,0.57,13.2,6,910
11.9,0.695,0.53,3.4,0.128,7,21,99.92,3.17,0.84,12.2,7,335
9.3,0.48,0.29,2.1,0.127,6,16,99.68,3.22,0.72,11.2,5,447
8.7,0.46,0.31,2.5,0.126,24,64,99.746,3.1,0.74,9.6,5,796
10.7,0.4,0.48,2.1,0.125,15,49,99.8,3.03,0.81,9.7,6,512
6.8,0.69,0,5.6,0.124,21,58,99.97,3.46,0.72,10.2,5,625
6.4,0.53,0.09,3.9,0.123,14,31,99.68,3.5,0.67,11,4,1423
6.8,0.64,0,2.7,0.123,15,33,99.538,3.44,0.63,11.3,6,1258
7.1,0.72,0,1.8,0.123,6,14,99.627,3.45,0.58,9.8,5,1252
11.3,0.36,0.66,2.4,0.123,3,8,99.642,3.2,0.53,11.9,6,1020
11.3,0.36,0.66,2.4,0.123,3,8,99.642,3.2,0.53,11.9,6,1021
8.5,0.655,0.49,6.1,0.122,34,151,100.1,3.31,1.14,9.3,5,515
6.6,0.735,0.02,7.9,0.122,68,124,99.94,3.47,0.53,9.9,5,396
6.6,0.735,0.02,7.9,0.122,68,124,99.94,3.47,0.53,9.9,5,400
11.9,0.38,0.51,2,0.121,7,20,99.96,3.24,0.76,10.4,6,418
11.6,0.53,0.66,3.65,0.121,6,14,99.78,3.05,0.74,11.5,7,326
13.5,0.53,0.79,4.8,0.12,23,77,100.18,3.18,0.77,13,5,353
6.4,0.57,0.12,2.3,0.12,25,36,99.519,3.47,0.71,11.3,7,958
8,0.58,0.16,2,0.12,3,7,99.454,3.22,0.58,11.2,6,1014
10.6,0.5,0.45,2.6,0.119,34,68,99.708,3.23,0.72,10.9,6,842
8.8,0.55,0.04,2.2,0.119,14,56,99.62,3.21,0.6,10.9,6,121
10.9,0.39,0.47,1.8,0.118,6,14,99.82,3.3,0.75,9.8,6,342
10.9,0.39,0.47,1.8,0.118,6,14,99.82,3.3,0.75,9.8,6,343
6.8,0.67,0.15,1.8,0.118,13,20,99.54,3.42,0.67,11.3,6,1578
8,0.745,0.56,2,0.118,30,134,99.68,3.24,0.66,9.4,5,130
10.9,0.53,0.49,4.6,0.118,10,17,100.02,3.07,0.56,11.7,6,556
8.3,0.6,0.25,2.2,0.118,9,38,99.616,3.15,0.53,9.8,5,1152
8.3,0.6,0.25,2.2,0.118,9,38,99.616,3.15,0.53,9.8,5,1155
8.6,0.725,0.24,6.6,0.117,31,134,100.14,3.32,1.07,9.3,5,415
8.1,0.67,0.55,1.8,0.117,32,141,99.68,3.17,0.62,9.4,5,145
6.6,0.725,0.09,5.5,0.117,9,17,99.655,3.35,0.49,10.8,6,1094
6.6,0.725,0.09,5.5,0.117,9,17,99.655,3.35,0.49,10.8,6,1096
10.5,0.42,0.66,2.95,0.116,12,29,99.7,3.24,0.75,11.7,7,357
7.7,0.69,0.49,1.8,0.115,20,112,99.68,3.21,0.71,9.3,5,61
6.6,0.57,0.02,2.1,0.115,6,16,99.654,3.38,0.69,9.5,5,962
6.6,0.66,0,3,0.115,21,31,99.629,3.45,0.63,10.3,5,841
7.8,0.61,0.29,1.6,0.114,9,29,99.74,3.26,1.56,9.1,5,13
7.7,0.935,0.43,2.2,0.114,22,114,99.7,3.25,0.73,9.2,5,46
7.7,0.56,0.08,2.5,0.114,14,46,99.71,3.24,0.66,9.6,6,803
6.5,0.46,0.14,2.4,0.114,9,37,99.732,3.66,0.65,9.8,5,781
7.4,0.47,0.46,2.2,0.114,7,20,99.647,3.32,0.63,10.5,5,1518
9.1,0.28,0.46,9,0.114,3,9,99.901,3.18,0.6,10.9,6,911
7,0.69,0,1.9,0.114,3,10,99.636,3.35,0.6,9.7,6,1277
7,0.745,0.12,1.8,0.114,15,64,99.588,3.22,0.59,9.5,6,1194
10.7,0.9,0.34,6.6,0.112,23,99,100.289,3.22,0.68,9.3,5,889
8.4,0.65,0.6,2.1,0.112,12,90,99.73,3.2,0.52,9.2,5,304
7.7,0.965,0.1,2.1,0.112,11,22,99.63,3.26,0.5,9.5,5,736
10.6,0.48,0.64,2.2,0.111,6,20,99.7,3.26,0.66,11.7,6,416
9,0.36,0.52,2.1,0.111,5,10,99.568,3.31,0.62,11.3,6,956
7.6,0.685,0.23,2.3,0.111,20,84,99.64,3.21,0.61,9.3,5,629
9.9,0.74,0.19,5.8,0.111,33,76,99.878,3.14,0.55,9.4,5,1203
8.9,0.31,0.57,2,0.111,26,85,99.71,3.26,0.53,9.7,5,185
8.6,0.49,0.28,1.9,0.11,20,136,99.72,2.93,1.95,9.9,6,86
8.6,0.49,0.28,1.9,0.11,20,136,99.72,2.93,1.95,9.9,6,91
8.9,0.35,0.4,3.6,0.11,12,24,99.549,3.23,0.7,12,7,1008
10.1,0.65,0.37,5.1,0.11,11,65,100.26,3.32,0.64,10.4,6,608
7.6,0.51,0.15,2.8,0.11,33,73,99.55,3.17,0.63,10.2,6,54
11.9,0.43,0.66,3.1,0.109,10,23,100,3.15,0.85,10.4,7,358
8.8,0.31,0.4,2.8,0.109,7,16,99.614,3.31,0.79,11.8,7,875
8.4,0.59,0.29,2.6,0.109,31,119,99.801,3.15,0.5,9.1,5,977
7.3,0.73,0.24,1.9,0.108,18,102,99.67,3.26,0.59,9.3,5,587
9.3,0.39,0.44,2.1,0.107,34,125,99.78,3.14,1.22,9.5,5,88
10.3,0.44,0.5,4.5,0.107,5,13,99.8,3.28,0.83,11.5,5,327
10.5,0.51,0.64,2.4,0.107,6,15,99.73,3.09,0.66,11.8,7,513
10.5,0.51,0.64,2.4,0.107,6,15,99.73,3.09,0.66,11.8,7,514
7.1,0.755,0.15,1.8,0.107,20,84,99.593,3.19,0.5,9.5,5,1384
7.8,0.87,0.26,3.8,0.107,31,67,99.668,3.26,0.46,9.2,5,1331
7.9,0.43,0.21,1.6,0.106,10,37,99.66,3.17,0.91,9.5,5,22
6.6,0.7,0.08,2.6,0.106,14,27,99.665,3.44,0.58,10.2,5,1519
7.5,0.38,0.57,2.3,0.106,5,12,99.605,3.36,0.55,11.4,6,1504
7.5,0.38,0.57,2.3,0.106,5,12,99.605,3.36,0.55,11.4,6,1507
10.7,0.43,0.39,2.2,0.106,8,32,99.86,2.89,0.5,9.6,5,650
10.7,0.43,0.39,2.2,0.106,8,32,99.86,2.89,0.5,9.6,5,656
11.6,0.42,0.53,3.3,0.105,33,98,100.1,3.2,0.95,9.2,5,289
10.1,0.935,0.22,3.4,0.105,11,86,100.1,3.43,0.64,11.3,4,633
10.4,0.28,0.54,2.7,0.105,5,19,99.88,3.25,0.63,9.5,5,631
8.4,0.56,0.08,2.1,0.105,16,44,99.58,3.13,0.52,11,5,333
11.5,0.18,0.51,4,0.104,4,23,99.96,3.28,0.97,10.1,6,269
11.5,0.18,0.51,4,0.104,4,23,99.96,3.28,0.97,10.1,6,277
7.8,0.56,0.19,1.8,0.104,12,47,99.64,3.19,0.93,9.5,5,110
7.8,0.56,0.19,1.8,0.104,12,47,99.64,3.19,0.93,9.5,5,114
9.9,0.57,0.25,2,0.104,12,89,99.63,3.04,0.9,10.1,5,1413
7.8,0.32,0.44,2.7,0.104,8,17,99.732,3.33,0.78,11,7,1451
9,0.58,0.25,2,0.104,8,21,99.769,3.27,0.72,9.6,5,1227
8.2,0.28,0.6,3,0.104,10,22,99.828,3.39,0.68,10.6,5,1479
8.2,0.28,0.6,3,0.104,10,22,99.828,3.39,0.68,10.6,5,1481
7.5,0.41,0.15,3.7,0.104,29,94,99.786,3.14,0.58,9.1,5,1138
7.6,0.42,0.25,3.9,0.104,28,90,99.784,3.15,0.57,9.1,5,1057
6.8,0.785,0,2.4,0.104,14,30,99.66,3.52,0.55,10.7,6,77
12.6,0.41,0.54,2.8,0.103,19,41,99.939,3.21,0.76,11.3,6,814
6.3,0.68,0.01,3.7,0.103,32,54,99.586,3.51,0.66,11.3,6,1552
5.2,0.32,0.25,1.8,0.103,13,50,99.57,3.38,0.55,9.2,5,34
9.9,0.5,0.24,2.3,0.103,6,14,99.78,3.34,0.52,10,4,576
9.9,0.59,0.07,3.4,0.102,32,71,100.015,3.31,0.71,9.8,5,284
9.9,0.59,0.07,3.4,0.102,32,71,100.015,3.31,0.71,9.8,5,285
6.9,0.39,0.24,2.1,0.102,4,7,99.462,3.44,0.58,11.4,4,813
6.8,0.775,0,3,0.102,8,23,99.65,3.45,0.56,10.7,5,96
10,0.48,0.24,2.7,0.102,13,32,100,3.28,0.56,10,6,534
7.8,0.58,0.13,2.1,0.102,17,36,99.44,3.24,0.53,11.2,6,1274
7.7,0.58,0.1,1.8,0.102,28,109,99.565,3.08,0.49,9.8,6,242
7.7,1.005,0.15,2.1,0.102,11,32,99.604,3.23,0.48,10,5,1012
7.2,1,0,3,0.102,7,16,99.586,3.43,0.46,10,5,775
9.2,0.59,0.24,3.3,0.101,20,47,99.88,3.26,0.67,9.6,5,540
8.9,0.48,0.53,4,0.101,3,10,99.586,3.21,0.59,12.1,7,1056
8.9,0.48,0.53,4,0.101,3,10,99.586,3.21,0.59,12.1,7,1059
8.7,0.625,0.16,2,0.101,13,49,99.62,3.14,0.57,11,5,216
7.4,0.53,0.26,2,0.101,16,72,99.57,3.15,0.57,9.4,5,221
12.5,0.6,0.49,4.3,0.1,5,14,100.1,3.25,0.74,11.9,6,516
6.7,0.86,0.07,2,0.1,20,57,99.598,3.6,0.74,11.7,6,1301
15.6,0.685,0.76,3.7,0.1,6,43,100.32,2.95,0.68,11.2,7,442
7.8,0.44,0.28,2.7,0.1,18,95,99.66,3.22,0.67,9.4,5,208
7.1,0.735,0.16,1.9,0.1,15,77,99.66,3.27,0.64,9.3,5,412
7.8,0.63,0.48,1.7,0.1,14,96,99.61,3.19,0.62,9.5,5,165
11.2,0.5,0.74,5.15,0.1,5,17,99.96,3.22,0.62,11.2,5,539
7.6,0.74,0,1.9,0.1,6,12,99.521,3.36,0.59,11,5,1290
7.4,0.64,0.07,1.8,0.1,8,23,99.61,3.3,0.58,9.6,5,1386
8.6,0.53,0.22,2,0.1,7,27,99.67,3.2,0.56,10.2,6,448
8.2,0.7,0.23,2,0.099,14,81,99.73,3.19,0.7,9.4,5,360
7,0.685,0,1.9,0.099,9,22,99.606,3.34,0.6,9.7,5,820
11.2,0.4,0.5,2,0.099,19,50,99.783,3.1,0.58,10.4,5,1548
8.6,0.63,0.17,2.9,0.099,21,119,99.8,3.09,0.52,9.3,5,789
7.8,0.88,0,2.6,0.098,25,67,99.68,3.2,0.68,9.8,5,1
8,0.38,0.44,1.9,0.098,6,15,99.56,3.3,0.64,11.4,6,1062
11.9,0.38,0.49,2.7,0.098,12,42,100.04,3.16,0.61,10.3,5,531
11.9,0.38,0.49,2.7,0.098,12,42,100.04,3.16,0.61,10.3,5,532
6.9,0.36,0.25,2.4,0.098,5,16,99.64,3.41,0.6,10.1,6,293
7.5,0.77,0.2,8.1,0.098,30,92,99.892,3.2,0.58,9.2,5,1071
8.2,0.32,0.42,2.3,0.098,3,9,99.506,3.27,0.55,12.3,6,1023
8.8,0.6,0.29,2.2,0.098,5,15,99.88,3.36,0.49,9.1,5,626
8.8,0.6,0.29,2.2,0.098,5,15,99.88,3.36,0.49,9.1,5,627
9.9,0.4,0.53,6.7,0.097,6,19,99.86,3.27,0.82,11.7,7,413
7,0.38,0.49,2.5,0.097,33,85,99.62,3.39,0.77,11.4,6,527
7.6,0.54,0.13,2.5,0.097,24,66,99.785,3.39,0.61,9.4,5,752
8.7,0.54,0.26,2.5,0.097,7,31,99.76,3.27,0.6,9.3,6,628
8.7,0.54,0.26,2.5,0.097,7,31,99.76,3.27,0.6,9.3,6,630
7.2,0.63,0,1.9,0.097,14,38,99.675,3.37,0.58,9,6,235
9.2,0.63,0.21,2.7,0.097,29,65,99.88,3.28,0.58,9.6,5,457
6.7,0.58,0.08,1.8,0.097,15,65,99.59,3.28,0.54,9.2,5,10
9.1,0.66,0.15,3.2,0.097,9,59,99.976,3.28,0.54,9.6,5,819
7.7,0.39,0.12,1.7,0.097,19,27,99.596,3.16,0.49,9.4,5,988
7.7,0.39,0.12,1.7,0.097,19,27,99.596,3.16,0.49,9.4,5,990
8.5,0.66,0.2,2.1,0.097,23,113,99.733,3.13,0.48,9.2,5,967
15.9,0.36,0.65,7.5,0.096,22,71,99.76,2.98,0.84,14.9,5,652
9.1,0.795,0,2.6,0.096,11,26,99.94,3.35,0.83,9.4,6,351
8.1,0.87,0,3.3,0.096,26,61,100.025,3.6,0.72,9.8,4,266
7.9,0.29,0.49,2.2,0.096,21,59,99.714,3.31,0.67,10.1,6,1528
8.7,0.63,0.28,2.7,0.096,17,69,99.734,3.26,0.63,10.2,6,1283
8.3,0.58,0.13,2.9,0.096,14,63,99.84,3.17,0.62,9.1,6,604
7.9,0.66,0,1.4,0.096,6,13,99.569,3.43,0.58,9.5,5,1253
7.2,0.605,0.02,1.9,0.096,10,31,99.5,3.46,0.53,11.8,6,1364
8.6,0.52,0.38,1.5,0.096,5,18,99.666,3.2,0.52,9.4,5,1099
9.3,0.655,0.26,2,0.096,5,35,99.738,3.25,0.42,9.6,5,761
12.8,0.3,0.74,2.6,0.095,9,28,99.94,3.2,0.77,10.8,7,205
12.8,0.3,0.74,2.6,0.095,9,28,99.94,3.2,0.77,10.8,7,206
11.6,0.41,0.54,1.5,0.095,22,41,99.735,3.02,0.76,9.9,7,1088
11.6,0.41,0.54,1.5,0.095,22,41,99.735,3.02,0.76,9.9,7,1089
15.5,0.645,0.49,4.2,0.095,10,23,100.315,2.92,0.74,11.1,5,554
15.6,0.645,0.49,4.2,0.095,10,23,100.315,2.92,0.74,11.1,5,557
6.5,0.61,0,2.2,0.095,48,59,99.541,3.61,0.7,11.5,6,1175
10,0.43,0.33,2.7,0.095,28,89,99.84,3.22,0.68,10,5,1128
8.2,0.64,0.27,2,0.095,5,77,99.747,3.13,0.62,9.1,6,1055
11.9,0.39,0.69,2.8,0.095,17,35,99.94,3.1,0.61,10.8,6,449
11.9,0.39,0.69,2.8,0.095,17,35,99.94,3.1,0.61,10.8,6,450
8.6,0.83,0,2.8,0.095,17,43,99.822,3.33,0.6,10.4,6,1025
8.9,0.59,0.39,2.3,0.095,5,22,99.86,3.37,0.58,10.3,5,456
6.2,0.36,0.24,2.2,0.095,19,42,99.46,3.57,0.57,11.7,6,569
7.5,0.6,0.03,1.8,0.095,25,99,99.5,3.35,0.54,10.1,5,152
7.5,0.6,0.03,1.8,0.095,25,99,99.5,3.35,0.54,10.1,5,153
8.1,0.82,0,4.1,0.095,5,14,99.854,3.36,0.53,9.6,5,1032
11.1,0.39,0.54,2.7,0.095,21,101,100.01,3.13,0.51,9.5,5,744
13.3,0.34,0.52,3.2,0.094,17,53,100.14,3.05,0.81,9.5,6,294
7.2,0.65,0.02,2.3,0.094,5,31,99.93,3.67,0.8,9.7,5,298
9,0.54,0.49,2.9,0.094,41,110,99.82,3.08,0.61,9.2,5,562
9.1,0.47,0.49,2.6,0.094,38,106,99.82,3.08,0.59,9.1,5,545
9.9,0.49,0.58,3.5,0.094,9,43,100.04,3.29,0.58,9,5,593
8,0.64,0.22,2.4,0.094,5,33,99.612,3.37,0.58,11,5,1391
8.9,0.48,0.24,2.85,0.094,35,106,99.82,3.1,0.53,9.2,5,721
7.4,0.785,0.19,5.2,0.094,19,98,99.713,3.16,0.52,9.6,6,1445
8.8,0.61,0.19,4,0.094,30,69,99.787,3.22,0.5,10,6,884
7.3,0.74,0.08,1.7,0.094,10,45,99.576,3.24,0.5,9.8,5,1366
8,0.45,0.23,2.2,0.094,16,29,99.62,3.21,0.49,10.2,6,681
13.8,0.49,0.67,3,0.093,6,15,99.86,3.02,0.93,12,6,347
9.9,0.53,0.57,2.4,0.093,30,52,99.71,3.19,0.76,11.6,7,1058
12,0.38,0.56,2.1,0.093,6,24,99.925,3.14,0.71,10.9,6,241
8.8,0.41,0.64,2.2,0.093,9,42,99.86,3.54,0.66,10.5,5,76
8.2,0.59,0,2.5,0.093,19,58,100.02,3.5,0.65,9.3,6,737
9,0.46,0.31,2.8,0.093,19,98,99.815,3.32,0.63,9.5,6,312
12,0.39,0.66,3,0.093,12,30,99.96,3.18,0.63,10.8,7,407
8.3,0.28,0.48,2.1,0.093,6,12,99.408,3.26,0.62,12.4,7,947
8.3,0.28,0.48,2.1,0.093,6,12,99.408,3.26,0.62,12.4,7,951
13,0.32,0.65,2.6,0.093,15,47,99.96,3.05,0.61,10.6,5,470
8.9,0.565,0.34,3,0.093,16,112,99.98,3.38,0.61,9.5,5,711
8.4,0.67,0.19,2.2,0.093,11,75,99.736,3.2,0.59,9.2,4,927
9.1,0.68,0.11,2.8,0.093,11,44,99.888,3.31,0.55,9.5,6,764
8.3,0.85,0.14,2.5,0.093,13,54,99.724,3.36,0.54,10.1,5,1361
7,0.78,0.08,2,0.093,10,19,99.56,3.4,0.47,10,5,706
6.6,0.63,0,4.3,0.093,51,77.5,99.558,3.2,0.45,9.5,5,1296
10.2,0.44,0.58,4.1,0.092,11,24,99.745,3.29,0.99,12,7,946
8.5,0.28,0.56,1.8,0.092,35,103,99.69,3.3,0.75,10.5,7,16
9.5,0.46,0.24,2.7,0.092,14,44,99.8,3.12,0.74,10,6,552
9.4,0.43,0.24,2.8,0.092,14,45,99.8,3.19,0.73,10,6,551
8.3,0.705,0.12,2.6,0.092,12,28,99.94,3.51,0.72,10,5,302
7.8,0.735,0.08,2.4,0.092,10,41,99.74,3.24,0.71,9.8,6,214
7.5,0.4,0.12,3,0.092,29,53,99.67,3.37,0.7,10.3,6,287
7.8,0.76,0.04,2.3,0.092,15,54,99.7,3.26,0.65,9.8,5,2
8.6,0.685,0.1,1.6,0.092,3,12,99.745,3.31,0.65,9.55,6,1395
10.1,0.43,0.4,2.6,0.092,13,52,99.834,3.22,0.64,10,7,942
5.4,0.42,0.27,2,0.092,23,55,99.471,3.78,0.64,12.3,7,1111
7.6,0.29,0.49,2.7,0.092,25,60,99.71,3.31,0.61,10.1,6,563
7.7,0.775,0.42,1.9,0.092,8,86,99.59,3.23,0.59,9.5,5,253
7.5,0.71,0,1.6,0.092,22,31,99.635,3.38,0.58,10,6,1013
8.8,0.48,0.41,3.3,0.092,26,52,99.82,3.31,0.53,10.5,6,607
8.8,0.42,0.21,2.5,0.092,33,88,99.823,3.19,0.52,9.2,5,759
7.3,0.835,0.03,2.1,0.092,10,19,99.66,3.39,0.47,9.6,5,732
8.7,0.52,0.09,2.5,0.091,20,49,99.76,3.34,0.86,10.6,7,288
8.7,0.52,0.09,2.5,0.091,20,49,99.76,3.34,0.86,10.6,7,290
9.3,0.27,0.41,2,0.091,6,16,99.8,3.28,0.7,9.7,5,476
11.6,0.475,0.4,1.4,0.091,6,28,99.704,3.07,0.65,10.03333333,6,1359
11.6,0.475,0.4,1.4,0.091,6,28,99.704,3.07,0.65,10.03333333,6,1362
10.4,0.55,0.23,2.7,0.091,18,48,99.94,3.22,0.64,10.3,6,292
7,0.69,0.07,2.5,0.091,15,21,99.572,3.38,0.6,11.3,6,1115
7,0.69,0.07,2.5,0.091,15,21,99.572,3.38,0.6,11.3,6,1116
7,0.69,0.07,2.5,0.091,15,21,99.572,3.38,0.6,11.3,6,1117
9.6,0.41,0.37,2.3,0.091,10,23,99.786,3.24,0.56,10.5,5,920
9.2,0.67,0.1,3,0.091,12,48,99.888,3.31,0.54,9.5,6,765
9.2,0.46,0.23,2.6,0.091,18,77,99.922,3.15,0.51,9.4,5,1225
12.3,0.39,0.63,2.3,0.091,6,18,100.04,3.16,0.49,9.5,5,433
12.3,0.39,0.63,2.3,0.091,6,18,100.04,3.16,0.49,9.5,5,435
7,0.58,0.12,1.9,0.091,34,124,99.56,3.44,0.48,10.5,5,417
8.4,0.745,0.11,1.9,0.09,16,63,99.65,3.19,0.82,9.6,5,135
8.4,0.745,0.11,1.9,0.09,16,63,99.65,3.19,0.82,9.6,5,140
7.2,0.34,0.32,2.5,0.09,43,113,99.66,3.32,0.79,11.1,5,497
7.7,0.665,0,2.4,0.09,8,19,99.74,3.27,0.73,9.3,5,352
8.5,0.37,0.2,2.8,0.09,18,58,99.8,3.34,0.7,9.6,6,232
8.5,0.21,0.52,1.9,0.09,9,23,99.648,3.36,0.67,10.4,5,955
8.7,0.675,0.1,1.6,0.09,4,11,99.745,3.31,0.65,9.55,5,1396
8.3,0.3,0.49,3.8,0.09,11,24,99.498,3.27,0.64,12.1,7,944
9.4,0.4,0.31,2.2,0.09,13,62,99.66,3.07,0.63,10.5,6,115
10,0.59,0.31,2.2,0.09,26,62,99.94,3.18,0.63,10.2,6,511
9.3,0.61,0.26,3.4,0.09,25,87,99.975,3.24,0.62,9.7,5,321
11.4,0.36,0.69,2.1,0.09,6,21,100,3.17,0.62,9.2,6,468
6.2,0.6,0.08,2,0.09,32,44,99.49,3.45,0.58,10.5,5,1594
11.3,0.37,0.5,1.8,0.09,20,47,99.734,3.15,0.57,10.5,5,1285
7.6,0.95,0.03,2,0.09,7,20,99.59,3.2,0.56,9.6,5,160
11.1,0.35,0.48,3.1,0.09,5,21,99.86,3.17,0.53,10.5,5,252
8.1,0.78,0.1,3.3,0.09,4,13,99.855,3.36,0.49,9.5,5,1108
9.6,0.56,0.31,2.8,0.089,15,46,99.79,3.11,0.92,10,6,348
7.2,0.48,0.07,5.5,0.089,10,18,99.684,3.37,0.68,11.2,7,1133
7.7,0.54,0.26,1.9,0.089,23,147,99.636,3.26,0.59,9.7,5,1493
7,0.43,0.36,1.6,0.089,14,37,99.615,3.34,0.56,9.2,6,204
5.4,0.74,0.09,1.7,0.089,16,26,99.402,3.67,0.56,11.6,6,1591
6.8,0.63,0.07,2.1,0.089,11,44,99.53,3.47,0.55,10.4,6,168
8.3,0.65,0.1,2.9,0.089,17,40,99.803,3.29,0.55,9.5,5,750
8.3,0.65,0.1,2.9,0.089,17,40,99.803,3.29,0.55,9.5,5,753
6.7,0.675,0.07,2.4,0.089,17,82,99.58,3.35,0.54,10.1,5,30
8.8,0.59,0.18,2.9,0.089,12,74,99.738,3.14,0.54,9.4,5,766
5.6,0.615,0,1.6,0.089,16,59,99.43,3.58,0.52,9.9,5,12
12.3,0.5,0.49,2.2,0.089,5,14,100.02,3.19,0.44,9.6,5,580
12.3,0.5,0.49,2.2,0.089,5,14,100.02,3.19,0.44,9.6,5,581
6.9,0.54,0.3,2.2,0.088,9,105,99.725,3.25,1.18,10.5,6,1367
11.4,0.625,0.66,6.2,0.088,6,24,99.88,3.11,0.99,13.3,6,378
9.8,0.25,0.49,2.7,0.088,15,33,99.82,3.42,0.9,10,6,520
8.9,0.5,0.21,2.2,0.088,21,39,99.692,3.33,0.83,11.1,6,1039
11.3,0.37,0.41,2.3,0.088,6,16,99.88,3.09,0.8,9.3,5,619
6.2,0.63,0.31,1.7,0.088,15,64,99.69,3.46,0.79,9.3,5,107
7.8,0.46,0.26,1.9,0.088,23,53,99.81,3.43,0.74,9.2,6,388
12.6,0.38,0.66,2.6,0.088,10,41,100.1,3.17,0.68,9.8,6,359
7.1,0.685,0.35,2,0.088,9,92,99.63,3.28,0.62,9.4,5,843
9.7,0.69,0.32,2.5,0.088,22,91,99.79,3.29,0.62,10.1,5,1306
12.8,0.84,0.63,2.4,0.088,13,35,99.97,3.1,0.6,10.4,6,429
9,0.69,0,2.4,0.088,19,38,99.9,3.35,0.6,9.3,5,739
8,0.62,0.33,2.7,0.088,16,37,99.72,3.31,0.58,10.7,6,1073
7.7,0.58,0.01,1.8,0.088,12,18,99.568,3.32,0.56,10.5,7,1024
7.7,0.58,0.01,1.8,0.088,12,18,99.568,3.32,0.56,10.5,7,1029
8.9,0.32,0.31,2,0.088,12,19,99.57,3.17,0.55,10.4,6,1011
8.9,0.875,0.13,3.45,0.088,4,14,99.94,3.44,0.52,11.5,5,731
8.8,0.61,0.3,2.8,0.088,17,46,99.76,3.26,0.51,9.3,4,41
8.9,0.4,0.32,5.6,0.087,10,47,99.91,3.38,0.77,10.5,7,279
8.9,0.4,0.32,5.6,0.087,10,47,99.91,3.38,0.77,10.5,7,283
7.7,0.51,0.28,2.1,0.087,23,54,99.8,3.42,0.74,9.2,5,384
7.4,0.36,0.29,2.6,0.087,26,72,99.645,3.39,0.68,11,5,314
7.9,0.545,0.06,4,0.087,27,61,99.65,3.36,0.67,10.7,6,270
7.9,0.545,0.06,4,0.087,27,61,99.65,3.36,0.67,10.7,6,275
11.5,0.59,0.59,2.6,0.087,13,49,99.88,3.18,0.65,11,6,397
7.5,0.52,0.42,2.3,0.087,8,38,99.72,3.58,0.61,10.5,6,177
8.8,0.52,0.34,2.7,0.087,24,122,99.82,3.26,0.61,9.5,5,414
8.3,0.615,0.22,2.6,0.087,6,19,99.82,3.26,0.61,9.3,5,461
9.7,0.55,0.17,2.9,0.087,20,53,100.04,3.14,0.61,9.4,5,655
7,0.975,0.04,2,0.087,12,67,99.565,3.35,0.6,9.4,4,261
9.6,0.68,0.24,2.2,0.087,5,28,99.88,3.14,0.6,10.2,5,475
7.6,0.41,0.14,3,0.087,21,43,99.64,3.32,0.57,10.5,6,632
9.2,0.92,0.24,2.6,0.087,12,93,99.98,3.48,0.54,9.8,5,691
9.4,0.615,0.28,3.2,0.087,18,72,100.01,3.31,0.53,9.7,5,698
5.8,0.68,0.02,1.8,0.087,21,94,99.44,3.54,0.52,10,5,146
7.6,0.79,0.21,2.3,0.087,21,68,99.55,3.12,0.44,9.2,5,1304
8.6,0.45,0.31,2.6,0.086,21,50,99.82,3.37,0.91,9.9,6,361
8.7,0.69,0.31,3,0.086,23,81,100.02,3.48,0.74,11.6,6,493
8.7,0.69,0.31,3,0.086,23,81,100.02,3.48,0.74,11.6,6,499
11.3,0.62,0.67,5.2,0.086,6,19,99.88,3.22,0.69,13.4,8,455
7.8,0.39,0.42,2,0.086,9,21,99.526,3.39,0.66,11.6,6,1148
9.2,0.43,0.49,2.4,0.086,23,116,99.76,3.23,0.64,9.5,5,524
8.9,0.75,0.14,2.5,0.086,9,30,99.824,3.34,0.64,10.5,5,885
8,0.62,0.35,2.8,0.086,28,52,99.7,3.31,0.62,10.8,5,1069
7.6,0.5,0.29,2.3,0.086,5,14,99.502,3.32,0.62,11.5,6,1169
7.8,0.6,0.14,2.4,0.086,3,15,99.75,3.42,0.6,10.8,6,36
7.9,0.34,0.42,2,0.086,8,19,99.546,3.35,0.6,11.4,6,1091
7.5,0.53,0.06,2.6,0.086,20,44,99.65,3.38,0.59,10.7,6,300
7.4,0.5,0.47,2,0.086,21,73,99.7,3.36,0.57,9.1,5,82
8.9,0.595,0.41,7.9,0.086,30,109,99.98,3.27,0.57,9.3,5,595
6.9,0.56,0.03,1.5,0.086,36,46,99.522,3.53,0.57,10.6,5,871
7.8,0.645,0,5.5,0.086,5,18,99.86,3.4,0.55,9.6,6,35
7.1,0.66,0,3.9,0.086,17,45,99.76,3.46,0.54,9.5,5,719
9.6,0.88,0.28,2.4,0.086,30,147,99.79,3.24,0.53,9.4,5,636
6.7,0.75,0.12,2,0.086,12,80,99.58,3.38,0.52,10.1,5,78
10.6,0.83,0.37,2.6,0.086,26,70,99.81,3.16,0.52,9.9,5,296
7.4,0.74,0.07,1.7,0.086,15,48,99.502,3.12,0.48,10,5,1246
7.6,0.645,0.03,1.9,0.086,14,57,99.69,3.37,0.46,10.3,5,1353
8.2,0.885,0.2,1.4,0.086,7,31,99.46,3.11,0.46,10,5,1376
6.1,0.32,0.25,1.8,0.086,5,32,99.464,3.36,0.44,10.1,5,1355
7.2,0.725,0.05,4.65,0.086,4,11,99.62,3.41,0.39,10.9,5,64
7.2,0.725,0.05,4.65,0.086,4,11,99.62,3.41,0.39,10.9,5,65
10,0.31,0.47,2.6,0.085,14,33,99.965,3.36,0.8,10.5,7,259
13.7,0.415,0.68,2.9,0.085,17,43,100.14,3.06,0.8,10,6,391
6.9,0.5,0.04,1.5,0.085,19,49,99.58,3.35,0.78,9.5,5,175
11.2,0.66,0.24,2.5,0.085,16,53,99.93,3.06,0.72,11,6,543
7,0.58,0.28,4.8,0.085,12,69,99.633,3.32,0.7,11,6,1257
13,0.47,0.49,4.3,0.085,6,47,100.21,3.3,0.68,12.7,6,559
13,0.47,0.49,4.3,0.085,6,47,100.21,3.3,0.68,12.7,6,564
10.1,0.37,0.34,2.4,0.085,5,17,99.683,3.17,0.65,10.6,7,1035
6.9,0.4,0.14,2.4,0.085,21,40,99.68,3.43,0.63,9.7,6,24
11.4,0.6,0.49,2.7,0.085,10,41,99.94,3.15,0.63,10.5,6,403
12.2,0.48,0.54,2.6,0.085,19,64,100,3.1,0.61,10.5,6,402
8.8,0.47,0.49,2.9,0.085,17,110,99.82,3.29,0.6,9.8,5,578
9.3,0.4,0.49,2.5,0.085,38,142,99.78,3.22,0.55,9.4,5,523
9.3,0.43,0.44,1.9,0.085,9,22,99.708,3.28,0.55,9.5,5,850
9.3,0.43,0.44,1.9,0.085,9,22,99.708,3.28,0.55,9.5,5,851
6.8,0.64,0.1,2.1,0.085,18,101,99.56,3.34,0.52,10.2,5,166
7.3,0.66,0,2,0.084,6,23,99.83,3.61,0.96,9.9,6,245
7.3,0.66,0,2,0.084,6,23,99.83,3.61,0.96,9.9,6,249
8.1,0.825,0.24,2.1,0.084,5,13,99.72,3.37,0.77,10.7,6,537
9.3,0.5,0.36,1.8,0.084,6,17,99.704,3.27,0.77,10.8,6,1049
10.4,0.33,0.63,2.8,0.084,5,22,99.98,3.26,0.74,11.2,7,453
8.1,0.72,0.09,2.8,0.084,18,49,99.94,3.43,0.72,11.1,6,726
11.2,0.67,0.55,2.3,0.084,6,13,100,3.17,0.71,9.5,6,507
7.2,0.54,0.27,2.6,0.084,12,78,99.64,3.39,0.71,11,5,906
11.5,0.315,0.54,2.1,0.084,5,15,99.87,2.98,0.7,9.2,6,464
13.3,0.29,0.75,2.8,0.084,23,43,99.86,3.04,0.68,11.4,7,509
7.9,0.765,0,2,0.084,9,22,99.619,3.33,0.68,10.9,6,1282
10.8,0.4,0.41,2.2,0.084,7,17,99.84,3.08,0.67,9.3,6,676
8.4,0.62,0.09,2.2,0.084,11,108,99.64,3.15,0.66,9.8,5,111
6.8,0.41,0.31,8.8,0.084,26,45,99.824,3.38,0.64,10.1,6,917
6.8,0.56,0.03,1.7,0.084,18,35,99.68,3.44,0.63,10,6,452
9,0.48,0.32,2.8,0.084,21,122,99.84,3.32,0.62,9.4,5,693
8.3,0.61,0.3,2.1,0.084,11,50,99.72,3.4,0.61,10.2,6,100
9,0.47,0.31,2.7,0.084,24,125,99.84,3.31,0.61,9.4,5,694
9,0.45,0.49,2.6,0.084,21,75,99.87,3.35,0.57,9.7,5,590
9,0.45,0.49,2.6,0.084,21,75,99.87,3.35,0.57,9.7,5,592
8.4,0.52,0.22,2.7,0.084,4,18,99.682,3.26,0.57,9.9,6,804
9.4,0.59,0.14,2,0.084,25,48,99.81,3.14,0.56,9.7,5,665
7.9,1.04,0.05,2.2,0.084,13,29,99.59,3.22,0.55,9.9,6,134
7.9,0.5,0.33,2,0.084,15,143,99.68,3.2,0.55,9.5,5,188
8.8,0.64,0.17,2.9,0.084,25,130,99.818,3.23,0.54,9.6,5,791
7.5,0.51,0.02,1.7,0.084,13,31,99.538,3.36,0.54,10.5,6,1339
7.5,0.51,0.02,1.7,0.084,13,31,99.538,3.36,0.54,10.5,6,1340
7.5,0.51,0.02,1.7,0.084,13,31,99.538,3.36,0.54,10.5,6,1341
7.5,0.51,0.02,1.7,0.084,13,31,99.538,3.36,0.54,10.5,6,1343
8.5,0.49,0.11,2.3,0.084,9,67,99.68,3.17,0.53,9.4,5,23
8.3,0.675,0.26,2.1,0.084,11,43,99.76,3.31,0.53,9.2,4,73
9.5,0.885,0.27,2.3,0.084,31,145,99.78,3.24,0.53,9.4,5,637
8.1,0.87,0,2.2,0.084,10,31,99.656,3.25,0.5,9.8,5,757
8.1,0.87,0,2.2,0.084,10,31,99.656,3.25,0.5,9.8,5,758
7.7,0.69,0.22,1.9,0.084,18,94,99.61,3.31,0.48,9.5,5,72
8.6,0.8,0.11,2.3,0.084,12,31,99.79,3.4,0.48,9.9,5,677
10,0.69,0.11,1.4,0.084,8,24,99.578,2.88,0.47,9.7,5,1470
6.1,0.34,0.25,1.8,0.084,4,28,99.464,3.36,0.44,10.1,5,1356
12.5,0.37,0.55,2.6,0.083,25,68,99.95,3.15,0.82,10.4,6,472
7.1,0.63,0.06,2,0.083,8,29,99.855,3.67,0.73,9.6,5,297
12.8,0.615,0.66,5.8,0.083,7,42,100.22,3.07,0.73,10,7,364
12.8,0.615,0.66,5.8,0.083,7,42,100.22,3.07,0.73,10,7,366
9.8,0.66,0.39,3.2,0.083,21,59,99.89,3.37,0.71,11.5,7,318
6.6,0.64,0.31,6.1,0.083,7,49,99.718,3.35,0.68,10.3,5,1388
8.3,0.655,0.12,2.3,0.083,15,113,99.66,3.17,0.66,9.8,5,32
9.6,0.42,0.35,2.1,0.083,17,38,99.622,3.23,0.66,11.1,6,1153
9,0.8,0.12,2.4,0.083,8,28,99.836,3.33,0.65,10.4,6,886
10,0.26,0.54,1.9,0.083,42,74,99.451,2.98,0.63,11.8,8,1090
9.2,0.43,0.52,2.3,0.083,14,23,99.76,3.35,0.61,11.3,6,460
8.6,0.645,0.25,2,0.083,8,28,99.815,3.28,0.6,10,6,223
8.8,0.44,0.49,2.8,0.083,18,111,99.82,3.3,0.6,9.5,5,577
7.7,0.61,0.18,2.4,0.083,6,20,99.63,3.29,0.6,10.2,6,1065
7.5,0.63,0.27,2,0.083,17,91,99.616,3.26,0.58,9.8,6,1315
8,0.725,0.24,2.8,0.083,10,62,99.685,3.35,0.56,10,6,211
7.4,0.6,0.26,2.1,0.083,17,91,99.616,3.29,0.56,9.8,6,1329
7.4,0.6,0.26,2.1,0.083,17,91,99.616,3.29,0.56,9.8,6,1330
6.3,1.02,0,2,0.083,17,24,99.437,3.59,0.55,11.2,4,1261
8.8,0.24,0.54,2.5,0.083,25,57,99.83,3.39,0.54,9.2,5,610
7.1,0.67,0,2.3,0.083,18,27,99.768,3.44,0.54,9.4,5,1551
7.8,0.82,0.29,4.3,0.083,21,64,99.642,3.16,0.53,9.4,5,1501
7.2,0.41,0.3,2.1,0.083,35,72,99.7,3.44,0.52,9.4,5,975
9.9,0.35,0.41,2.3,0.083,11,61,99.82,3.21,0.5,9.5,5,785
8,1.18,0.21,1.9,0.083,14,41,99.532,3.34,0.47,10.5,5,1312
12.5,0.28,0.54,2.3,0.082,12,29,99.97,3.11,1.36,9.8,7,339
11.9,0.57,0.5,2.6,0.082,6,32,100.06,3.12,0.78,10.7,6,344
7.4,0.37,0.43,2.6,0.082,18,82,99.708,3.33,0.68,9.7,6,790
7.4,0.55,0.19,1.8,0.082,15,34,99.655,3.49,0.68,10.5,5,1245
13.4,0.27,0.62,2.6,0.082,6,21,100.02,3.16,0.67,9.7,6,328
11.3,0.34,0.45,2,0.082,6,15,99.88,2.94,0.66,9.2,6,667
11.3,0.34,0.45,2,0.082,6,15,99.88,2.94,0.66,9.2,6,669
7.6,0.39,0.31,2.3,0.082,23,71,99.82,3.52,0.65,9.7,5,21
10.1,0.45,0.23,1.9,0.082,10,18,99.774,3.22,0.65,9.3,6,892
9.6,0.77,0.12,2.9,0.082,30,74,99.865,3.3,0.64,10.4,6,319
7.1,0.43,0.17,1.8,0.082,27,51,99.634,3.49,0.64,10.4,5,1047
8.3,0.56,0.22,2.4,0.082,10,86,99.83,3.37,0.62,9.5,5,1243
8,0.5,0.39,2.6,0.082,12,46,99.85,3.43,0.62,10.7,6,1404
7,0.45,0.34,2.7,0.082,16,72,99.8,3.55,0.6,9.5,5,733
7.8,0.645,0,2,0.082,8,16,99.64,3.38,0.59,9.8,6,29
7.8,0.34,0.37,2,0.082,24,58,99.64,3.34,0.59,9.4,6,220
7.6,0.31,0.34,2.5,0.082,26,35,99.356,3.22,0.59,12.5,7,1036
7.4,0.39,0.48,2,0.082,14,67,99.72,3.34,0.55,9.2,5,186
9.4,0.685,0.26,2.4,0.082,23,143,99.78,3.28,0.55,9.4,5,771
9.5,0.57,0.27,2.3,0.082,23,144,99.782,3.27,0.55,9.4,5,772
7.1,0.59,0.02,2.3,0.082,24,94,99.744,3.55,0.53,9.7,6,768
7.1,0.59,0.02,2.3,0.082,24,94,99.744,3.55,0.53,9.7,6,770
7.6,0.62,0.32,2.2,0.082,7,54,99.66,3.36,0.52,9.4,5,306
9.4,0.5,0.34,3.6,0.082,5,14,99.87,3.29,0.52,10.7,6,799
9.9,0.27,0.49,5,0.082,9,17,99.484,3.19,0.52,12.5,7,941
7.1,0.875,0.05,5.7,0.082,3,14,99.808,3.4,0.52,10.2,3,1478
9.5,0.37,0.52,2,0.082,6,26,99.8,3.18,0.51,9.5,5,392
7.8,0.5,0.17,1.6,0.082,21,102,99.6,3.39,0.48,9.5,5,124
8.1,1.33,0,1.8,0.082,3,12,99.64,3.54,0.48,10.9,5,127
7.1,0.34,0.28,2,0.082,31,68,99.694,3.45,0.48,9.4,5,991
7.1,0.34,0.28,2,0.082,31,68,99.694,3.45,0.48,9.4,5,993
8.4,0.56,0.04,2,0.082,10,22,99.76,3.22,0.44,9.6,5,718
8.4,0.56,0.04,2,0.082,10,22,99.76,3.22,0.44,9.6,5,720
6.6,0.96,0,1.8,0.082,5,16,99.36,3.5,0.44,11.9,6,1410
7.5,0.59,0.22,1.8,0.082,43,60,99.499,3.1,0.42,9.2,5,1256
9.3,0.49,0.36,1.7,0.081,3,14,99.702,3.27,0.78,10.9,6,1048
8,0.3,0.63,1.6,0.081,16,29,99.588,3.3,0.78,10.8,6,1576
12.5,0.38,0.6,2.6,0.081,31,72,99.96,3.1,0.73,10.5,5,446
8.4,0.36,0.32,2.2,0.081,32,79,99.64,3.3,0.72,11,6,918
9.6,0.54,0.42,2.4,0.081,25,52,99.7,3.2,0.71,11.4,6,471
6.4,0.64,0.21,1.8,0.081,14,31,99.689,3.59,0.66,9.8,5,846
6.4,0.64,0.21,1.8,0.081,14,31,99.689,3.59,0.66,9.8,5,848
6.1,0.705,0.1,2.8,0.081,13,28,99.631,3.6,0.66,10.2,5,1531
7.8,0.52,0.25,1.9,0.081,14,38,99.84,3.43,0.65,9,6,496
7.8,0.52,0.25,1.9,0.081,14,38,99.84,3.43,0.65,9,6,500
7.2,0.415,0.36,2,0.081,13,45,99.72,3.48,0.64,9.2,5,137
6.2,0.64,0.09,2.5,0.081,15,26,99.538,3.57,0.63,12,5,1538
7.1,0.61,0.02,2.5,0.081,17,87,99.745,3.48,0.6,9.7,6,792
7.2,0.57,0.05,2.3,0.081,16,36,99.564,3.38,0.6,10.3,6,1265
7.2,0.57,0.05,2.3,0.081,16,36,99.564,3.38,0.6,10.3,6,1266
7,0.54,0.09,2,0.081,10,16,99.479,3.43,0.59,11.5,6,1092
9.8,0.45,0.38,2.5,0.081,34,66,99.726,3.15,0.58,9.8,5,1262
7,0.735,0.05,2,0.081,13,54,99.66,3.39,0.57,9.8,5,63
8.6,0.38,0.36,3,0.081,30,119,99.7,3.2,0.56,9.4,5,53
13.2,0.38,0.55,2.7,0.081,5,16,100.06,2.98,0.54,9.4,5,611
8.2,0.43,0.29,1.6,0.081,27,45,99.603,3.25,0.54,10.3,5,1004
8.3,0.78,0.1,2.6,0.081,45,87,99.83,3.48,0.53,10,5,678
7.7,0.835,0,2.6,0.081,6,14,99.75,3.3,0.52,9.3,5,602
8.2,1.33,0,1.7,0.081,3,12,99.64,3.53,0.49,10.9,5,126
10.2,0.33,0.46,1.9,0.081,6,9,99.628,3.1,0.48,10.4,6,1214
8.1,0.73,0,2.5,0.081,12,24,99.798,3.38,0.46,9.6,4,1238
8.3,0.625,0.2,1.5,0.08,27,119,99.72,3.16,1.12,9.1,4,79
9.4,0.3,0.56,2.8,0.08,6,17,99.64,3.15,0.92,11.7,8,481
11.5,0.41,0.52,3,0.08,29,55,100.01,3.26,0.88,11,5,356
8.2,0.38,0.32,2.5,0.08,24,71,99.624,3.27,0.85,11,6,1141
12.6,0.39,0.49,2.5,0.08,8,20,99.92,3.07,0.82,10.3,6,1224
7,0.43,0.02,1.9,0.08,15,28,99.492,3.35,0.81,10.6,6,1495
8.3,0.26,0.42,2,0.08,11,27,99.74,3.21,0.8,9.4,6,380
10.4,0.52,0.45,2,0.08,6,13,99.774,3.22,0.76,11.4,6,1136
6.8,0.67,0,1.9,0.08,22,39,99.701,3.4,0.74,9.7,5,1447
9.3,0.36,0.39,1.5,0.08,41,55,99.652,3.47,0.73,10.9,6,853
9.3,0.36,0.39,1.5,0.08,41,55,99.652,3.47,0.73,10.9,6,854
9.3,0.36,0.39,1.5,0.08,41,55,99.652,3.47,0.73,10.9,6,856
6.6,0.61,0.01,1.9,0.08,8,25,99.746,3.69,0.73,10.5,5,934
6.7,0.64,0.23,2.1,0.08,11,119,99.538,3.36,0.7,10.9,5,1184
6.7,0.64,0.23,2.1,0.08,11,119,99.538,3.36,0.7,10.9,5,1188
7.4,0.635,0.1,2.4,0.08,16,33,99.736,3.58,0.69,10.8,7,901
7.4,0.635,0.1,2.4,0.08,16,33,99.736,3.58,0.69,10.8,7,902
10.1,0.31,0.44,2.3,0.08,22,46,99.88,3.32,0.67,9.7,6,113
7.3,0.4,0.3,1.7,0.08,33,79,99.69,3.41,0.65,9.5,6,1140
7.8,0.43,0.32,2.8,0.08,29,58,99.74,3.31,0.64,10.3,5,337
7.5,0.42,0.31,1.6,0.08,15,42,99.78,3.31,0.64,9,5,661
9,0.43,0.34,2.5,0.08,26,86,99.87,3.38,0.62,9.5,6,410
5.6,0.62,0.03,1.5,0.08,6,13,99.498,3.66,0.62,10.1,4,1480
5.2,0.645,0,2.15,0.08,15,28,99.444,3.78,0.61,12.5,6,1300
7.3,0.735,0,2.2,0.08,18,28,99.765,3.41,0.6,9.4,5,1553
7.6,0.41,0.24,1.8,0.08,4,11,99.62,3.28,0.59,9.5,5,26
8.1,0.545,0.18,1.9,0.08,13,35,99.72,3.3,0.59,9,6,99
8.1,0.545,0.18,1.9,0.08,13,35,99.72,3.3,0.59,9,6,102
7.2,0.63,0.03,2.2,0.08,17,88,99.745,3.53,0.58,9.8,6,894
7.1,0.59,0.01,2.3,0.08,27,43,99.55,3.42,0.58,10.7,6,895
7.1,0.59,0.01,2.3,0.08,27,43,99.55,3.42,0.58,10.7,6,897
8.6,0.37,0.65,6.4,0.08,3,8,99.817,3.27,0.58,11,5,1078
10.6,1.025,0.43,2.8,0.08,21,84,99.85,3.06,0.57,10.1,5,710
9.1,0.4,0.57,4.6,0.08,6,20,99.652,3.28,0.57,12.5,6,1190
6.3,0.39,0.16,1.4,0.08,11,23,99.55,3.34,0.56,9.3,5,25
7.1,0.71,0,1.9,0.08,14,35,99.72,3.47,0.55,9.4,5,28
10,0.58,0.22,1.9,0.08,9,32,99.74,3.13,0.55,9.5,5,622
7.3,0.59,0.26,2,0.08,17,104,99.584,3.28,0.52,9.9,5,1397
7.8,0.6,0.26,2,0.08,31,131,99.622,3.21,0.52,9.9,5,1559
7.8,0.6,0.26,2,0.08,31,131,99.622,3.21,0.52,9.9,5,1560
7.8,0.6,0.26,2,0.08,31,131,99.622,3.21,0.52,9.9,5,1561
7.9,0.69,0.21,2.1,0.08,33,141,99.62,3.25,0.51,9.9,5,1400
7.1,0.36,0.3,1.6,0.08,35,70,99.693,3.44,0.5,9.4,5,987
8,0.6,0.22,2.1,0.08,25,105,99.613,3.3,0.49,9.9,5,1382
8,0.6,0.22,2.1,0.08,25,105,99.613,3.3,0.49,9.9,5,1383
7.3,0.38,0.21,2,0.08,7,35,99.61,3.33,0.47,9.5,5,176
8.2,0.34,0.38,2.5,0.08,12,57,99.78,3.3,0.47,9,6,746
7.5,0.58,0.03,4.1,0.08,27,46,99.592,3.02,0.47,9.2,5,1226
11.5,0.31,0.51,2.2,0.079,14,28,99.82,3.03,0.93,9.8,6,617
9.2,0.31,0.36,2.2,0.079,11,31,99.615,3.33,0.86,12,7,1093
7,0.54,0,2.1,0.079,39,55,99.56,3.39,0.84,11.4,6,1422
12.4,0.35,0.49,2.6,0.079,27,69,99.94,3.12,0.75,10.4,6,548
7.9,0.57,0.31,2,0.079,10,79,99.677,3.29,0.69,9.5,6,1216
7.8,0.7,0.06,1.9,0.079,20,35,99.628,3.4,0.69,10.9,5,1254
8.6,0.315,0.4,2.2,0.079,3,6,99.512,3.27,0.67,11.9,6,915
8.8,0.4,0.4,2.2,0.079,19,52,99.8,3.44,0.64,9.2,5,60
6.9,0.49,0.19,1.7,0.079,13,26,99.547,3.38,0.64,9.8,6,1041
8.2,0.51,0.24,2,0.079,16,86,99.764,3.34,0.64,9.5,6,1139
9.5,0.86,0.26,1.9,0.079,13,28,99.712,3.25,0.62,10,5,981
7.7,0.6,0.06,2,0.079,19,41,99.697,3.39,0.62,10.1,6,995
7.6,0.36,0.31,1.7,0.079,26,65,99.716,3.46,0.62,9.5,6,1173
7.6,0.36,0.31,1.7,0.079,26,65,99.716,3.46,0.62,9.5,6,1174
8.3,0.43,0.3,3.4,0.079,7,34,99.788,3.36,0.61,10.5,5,778
7.1,0.6,0.01,2.3,0.079,24,37,99.514,3.4,0.61,10.9,6,1250
6.7,0.62,0.21,1.9,0.079,8,62,99.7,3.52,0.58,9.3,6,184
7.5,0.4,0.18,1.6,0.079,24,58,99.65,3.34,0.58,9.4,5,1421
6.8,0.6,0.18,1.9,0.079,18,86,99.68,3.59,0.57,9.3,6,159
9.6,0.6,0.5,2.3,0.079,28,71,99.97,3.5,0.57,9.7,5,616
7.6,0.46,0.11,2.6,0.079,12,49,99.68,3.21,0.57,10,5,717
7.6,0.9,0.06,2.5,0.079,5,10,99.67,3.39,0.56,9.8,5,98
10,0.56,0.24,2.2,0.079,19,58,99.91,3.18,0.56,10.1,6,787
10,0.56,0.24,2.2,0.079,19,58,99.91,3.18,0.56,10.1,6,788
6.9,0.41,0.31,2,0.079,21,51,99.668,3.47,0.55,9.5,6,1268
7.9,0.52,0.26,1.9,0.079,42,140,99.64,3.23,0.54,9.5,5,90
9.4,0.33,0.59,2.8,0.079,9,30,99.76,3.12,0.54,12,6,653
6.1,0.56,0,2.2,0.079,6,9,99.48,3.59,0.54,11.5,6,907
9.1,0.775,0.22,2.2,0.079,12,48,99.76,3.18,0.51,9.6,5,1333
6.5,0.88,0.03,5.6,0.079,23,47,99.572,3.58,0.5,11.2,4,1176
8,0.77,0.32,2.1,0.079,16,74,99.656,3.27,0.5,9.8,6,1368
11.5,0.45,0.5,3,0.078,19,47,100.03,3.26,1.11,11,6,376
9.1,0.22,0.24,2.1,0.078,1,28,99.9,3.41,0.87,10.3,6,530
9.1,0.22,0.24,2.1,0.078,1,28,99.9,3.41,0.87,10.3,6,535
7.9,0.35,0.46,3.6,0.078,15,37,99.73,3.35,0.86,12.8,8,267
7.5,0.55,0.24,2,0.078,10,28,99.83,3.45,0.78,9.5,6,546
8.3,0.31,0.39,2.4,0.078,17,43,99.444,3.31,0.77,12.5,7,896
8.3,0.31,0.39,2.4,0.078,17,43,99.444,3.31,0.77,12.5,7,898
8.7,0.41,0.41,6.2,0.078,25,42,99.53,3.24,0.77,12.6,7,1038
7.9,0.65,0.01,2.5,0.078,17,38,99.63,3.34,0.74,11.7,7,334
7.4,0.68,0.16,1.8,0.078,12,39,99.77,3.5,0.7,9.9,6,847
9,0.785,0.24,1.7,0.078,10,21,99.692,3.29,0.67,10,5,1164
6.7,0.76,0.02,1.8,0.078,6,12,99.6,3.55,0.63,9.95,3,1505
8.2,0.56,0.23,3.4,0.078,14,104,99.76,3.28,0.62,9.4,5,621
7.1,0.56,0.14,1.6,0.078,7,18,99.592,3.27,0.62,9.3,5,961
6.8,0.65,0.02,2.1,0.078,8,15,99.498,3.35,0.62,10.4,6,1210
6.8,0.65,0.02,2.1,0.078,8,15,99.498,3.35,0.62,10.4,6,1212
6.7,0.75,0.01,2.4,0.078,17,32,99.55,3.55,0.61,12.8,6,355
7,0.5,0.14,1.8,0.078,10,23,99.636,3.53,0.61,10.4,5,1019
6.2,0.43,0.22,1.8,0.078,21,56,99.633,3.52,0.6,9.5,6,1195
7.4,0.52,0.13,2.4,0.078,34,61,99.528,3.43,0.59,10.8,6,908
7.6,0.4,0.29,1.9,0.078,29,66,99.71,3.45,0.59,9.5,6,932
7.3,0.43,0.24,2.5,0.078,27,67,99.648,3.6,0.59,11.1,6,1357
7.6,0.41,0.33,2.5,0.078,6,23,99.57,3.3,0.58,11.2,5,1427
9.2,0.53,0.24,2.6,0.078,28,139,99.788,3.21,0.57,9.5,5,741
7.2,0.66,0.03,2.3,0.078,16,86,99.743,3.53,0.57,9.7,5,891
7.2,0.66,0.03,2.3,0.078,16,86,99.743,3.53,0.57,9.7,5,893
8.5,0.46,0.31,2.25,0.078,32,58,99.8,3.33,0.54,9.8,5,682
9.1,0.765,0.04,1.6,0.078,4,14,99.8,3.29,0.54,9.7,4,704
7.2,0.62,0.06,2.5,0.078,17,84,99.746,3.51,0.53,9.7,5,863
8,0.38,0.06,1.8,0.078,12,49,99.625,3.37,0.52,9.9,6,231
9.9,0.74,0.28,2.6,0.078,21,77,99.8,3.28,0.51,9.8,5,714
7.2,0.45,0.15,2,0.078,10,28,99.609,3.29,0.51,9.9,6,1378
8.5,0.585,0.18,2.1,0.078,5,30,99.67,3.2,0.48,9.8,6,598
9.8,0.98,0.32,2.3,0.078,35,152,99.8,3.25,0.48,9.4,5,684
8,0.52,0.25,2,0.078,19,59,99.612,3.3,0.48,10.2,5,1393
7.2,0.655,0.03,1.8,0.078,7,12,99.587,3.34,0.39,9.5,5,1347
10.5,0.24,0.42,1.8,0.077,6,22,99.76,3.21,1.05,10.8,7,504
6.9,0.54,0.04,3,0.077,7,27,99.87,3.69,0.91,9.4,6,268
6.9,0.54,0.04,3,0.077,7,27,99.87,3.69,0.91,9.4,6,276
6.3,0.55,0.15,1.8,0.077,26,35,99.314,3.32,0.82,11.6,6,1590
10,0.32,0.59,2.2,0.077,3,15,99.94,3.2,0.78,9.6,5,1414
10,0.32,0.59,2.2,0.077,3,15,99.94,3.2,0.78,9.6,5,1416
9.4,0.685,0.11,2.7,0.077,6,31,99.84,3.19,0.7,10.1,6,479
6.2,0.44,0.39,2.5,0.077,6,14,99.555,3.51,0.69,11,6,1503
7.9,0.37,0.23,1.8,0.077,23,49,99.63,3.28,0.67,9.3,5,263
7.9,0.33,0.23,1.7,0.077,18,45,99.625,3.29,0.65,9.3,5,260
7.1,0.46,0.2,1.9,0.077,28,54,99.56,3.37,0.64,10.4,6,1280
7.1,0.46,0.2,1.9,0.077,28,54,99.56,3.37,0.64,10.4,6,1281
8.2,0.5,0.35,2.9,0.077,21,127,99.76,3.23,0.62,9.4,5,190
7.5,0.57,0.02,2.6,0.077,11,35,99.557,3.36,0.62,10.8,6,1379
7.5,0.57,0.02,2.6,0.077,11,35,99.557,3.36,0.62,10.8,6,1380
8.3,0.54,0.28,1.9,0.077,11,40,99.78,3.39,0.61,10,6,116
7.5,0.64,0,2.4,0.077,18,29,99.65,3.32,0.6,10,6,612
6.7,0.46,0.24,1.7,0.077,18,34,99.48,3.39,0.6,10.6,6,1324
6.7,0.46,0.24,1.7,0.077,18,34,99.48,3.39,0.6,10.6,6,1325
6.7,0.46,0.24,1.7,0.077,18,34,99.48,3.39,0.6,10.6,6,1326
6.7,0.46,0.24,1.7,0.077,18,34,99.48,3.39,0.6,10.6,6,1327
7.1,0.59,0.01,2.5,0.077,20,85,99.746,3.55,0.59,9.8,5,784
7.5,0.58,0.14,2.2,0.077,27,60,99.63,3.28,0.59,9.8,5,1251
7,0.56,0.13,1.6,0.077,25,42,99.629,3.34,0.59,9.2,5,1568
6.8,0.61,0.2,1.8,0.077,11,65,99.71,3.54,0.58,9.3,5,183
9.9,0.63,0.24,2.4,0.077,6,33,99.74,3.09,0.57,9.4,5,529
9.9,0.63,0.24,2.4,0.077,6,33,99.74,3.09,0.57,9.4,5,536
9.5,0.78,0.22,1.9,0.077,6,32,99.88,3.26,0.56,10.6,6,427
9,0.66,0.17,3,0.077,5,13,99.76,3.29,0.55,10.4,5,725
7.2,0.62,0.06,2.7,0.077,15,85,99.746,3.51,0.54,9.5,5,860
7.2,0.635,0.07,2.6,0.077,16,86,99.748,3.51,0.54,9.7,5,865
7.3,0.33,0.47,2.1,0.077,5,11,99.58,3.33,0.53,10.3,6,150
5.9,0.46,0,1.9,0.077,25,44,99.385,3.5,0.53,11.2,5,1272
11.5,0.42,0.48,2.6,0.077,8,20,99.852,3.09,0.53,11,5,1344
8.1,0.575,0.22,2.1,0.077,12,65,99.67,3.29,0.51,9.2,5,103
8.1,0.575,0.22,2.1,0.077,12,65,99.67,3.29,0.51,9.2,5,105
7.4,0.49,0.19,3,0.077,16,37,99.66,3.37,0.51,10.5,5,707
8.9,0.745,0.18,2.5,0.077,15,48,99.739,3.2,0.47,9.7,6,1034
7.8,0.53,0.01,1.6,0.077,3,19,99.5,3.16,0.46,9.8,5,1418
7.8,0.53,0.01,1.6,0.077,3,19,99.5,3.16,0.46,9.8,5,1420
7.7,0.64,0.21,2.2,0.077,32,133,99.56,3.27,0.45,9.9,5,1419
10.4,0.41,0.55,3.2,0.076,22,54,99.96,3.15,0.89,9.9,6,434
8.2,0.2,0.43,2.5,0.076,31,51,99.672,3.53,0.81,10.4,6,1145
8.2,0.35,0.33,2.4,0.076,11,47,99.599,3.27,0.81,11,6,1179
6.3,0.51,0.13,2.3,0.076,29,40,99.574,3.42,0.75,11,6,1592
7.9,0.54,0.34,2.5,0.076,8,17,99.235,3.2,0.72,13.1,8,1120
7.2,0.57,0.06,1.6,0.076,9,27,99.72,3.36,0.7,9.6,6,662
10.4,0.575,0.61,2.6,0.076,11,24,100,3.16,0.69,9,5,367
6.7,0.54,0.13,2,0.076,15,36,99.73,3.61,0.64,9.8,5,823
7.6,0.78,0,1.7,0.076,33,45,99.612,3.31,0.62,10.7,6,1046
8.3,0.54,0.24,3.4,0.076,16,112,99.76,3.27,0.61,9.4,5,620
7.1,0.52,0.03,2.6,0.076,21,92,99.745,3.5,0.6,9.8,5,779
6.8,0.48,0.25,2,0.076,29,61,99.53,3.34,0.6,10.4,5,1523
6.2,0.7,0.15,5.1,0.076,13,27,99.622,3.54,0.6,11.9,6,1577
7.8,0.59,0.18,2.3,0.076,17,54,99.75,3.43,0.59,10,5,58
6.9,0.55,0.15,2.2,0.076,19,40,99.61,3.41,0.59,10.1,5,85
6.6,0.705,0.07,1.6,0.076,6,15,99.62,3.44,0.58,10.7,5,67
7.9,0.58,0.23,2.3,0.076,23,94,99.686,3.21,0.58,9.5,6,1199
10.6,1.02,0.43,2.9,0.076,26,88,99.84,3.08,0.57,10.1,6,700
7.4,0.7,0,1.9,0.076,11,34,99.78,3.51,0.56,9.4,5,0
7.4,0.7,0,1.9,0.076,11,34,99.78,3.51,0.56,9.4,5,4
7.8,0.53,0.04,1.7,0.076,17,31,99.64,3.33,0.56,10,6,162
7.5,0.49,0.19,1.9,0.076,10,44,99.57,3.39,0.54,9.7,5,218
7.9,0.72,0.01,1.9,0.076,7,32,99.668,3.39,0.54,9.6,5,769
7.2,0.695,0.13,2,0.076,12,20,99.546,3.29,0.54,10.1,5,1562
7.2,0.695,0.13,2,0.076,12,20,99.546,3.29,0.54,10.1,5,1563
7.2,0.695,0.13,2,0.076,12,20,99.546,3.29,0.54,10.1,5,1567
7,0.62,0.08,1.8,0.076,8,24,99.78,3.48,0.53,9,5,89
8.6,0.47,0.3,3,0.076,30,135,99.76,3.3,0.53,9.4,5,313
6.9,0.63,0.01,2.4,0.076,14,39,99.522,3.34,0.53,10.8,6,1463
7.2,0.73,0.02,2.5,0.076,16,42,99.72,3.44,0.52,9.3,5,182
7.1,0.46,0.14,2.8,0.076,15,37,99.624,3.36,0.49,10.7,5,827
8,0.81,0.25,3.4,0.076,34,85,99.668,3.19,0.42,9.2,5,1385
7.5,0.61,0.2,1.7,0.076,36,60,99.494,3.1,0.4,9.3,5,1240
10.4,0.24,0.49,1.8,0.075,6,20,99.77,3.18,1.06,11,6,477
10.4,0.24,0.46,1.8,0.075,6,21,99.76,3.25,1.02,10.8,7,506
7.4,0.36,0.34,1.8,0.075,18,38,99.33,3.38,0.88,13.6,7,1132
15,0.21,0.44,2.2,0.075,10,24,100.005,3.07,0.84,9.2,7,243
15,0.21,0.44,2.2,0.075,10,24,100.005,3.07,0.84,9.2,7,244
10.1,0.31,0.35,1.6,0.075,9,28,99.672,3.24,0.83,11.2,7,838
14.3,0.31,0.74,1.8,0.075,6,15,100.08,2.86,0.79,8.4,6,544
8.9,0.12,0.45,1.8,0.075,10,21,99.552,3.41,0.76,11.9,7,949
8.9,0.12,0.45,1.8,0.075,10,21,99.552,3.41,0.76,11.9,7,950
8.5,0.32,0.42,2.3,0.075,12,19,99.434,3.14,0.71,11.8,7,1162
5.9,0.645,0.12,2,0.075,32,44,99.547,3.57,0.71,10.2,5,1597
8.3,0.76,0.29,4.2,0.075,12,16,99.65,3.45,0.68,11.5,6,740
6.6,0.695,0,2.1,0.075,12,56,99.68,3.49,0.67,9.2,5,257
6,0.58,0.2,2.4,0.075,15,50,99.467,3.58,0.67,12.5,6,1573
7.6,0.43,0.29,2.1,0.075,19,66,99.718,3.4,0.64,9.5,5,1229
7.6,0.43,0.29,2.1,0.075,19,66,99.718,3.4,0.64,9.5,5,1232
10.2,0.29,0.65,2.4,0.075,6,17,99.565,3.22,0.63,11.8,6,1063
9.4,0.34,0.37,2.2,0.075,5,13,99.8,3.22,0.62,9.2,5,256
7.7,0.56,0.2,2,0.075,9,39,99.87,3.48,0.62,9.3,5,734
7.7,0.69,0.05,2.7,0.075,15,27,99.74,3.26,0.61,9.1,5,404
10.2,0.24,0.49,2.4,0.075,10,28,99.78,3.14,0.61,10.4,5,572
7,0.55,0.13,2.2,0.075,15,35,99.59,3.36,0.59,9.7,6,1535
11.2,0.28,0.56,1.9,0.075,17,60,99.8,3.16,0.58,9.8,6,3
12.7,0.6,0.49,2.8,0.075,5,19,99.94,3.14,0.57,11.4,5,560
12.7,0.6,0.49,2.8,0.075,5,19,99.94,3.14,0.57,11.4,5,565
9,0.58,0.25,2.8,0.075,9,104,99.779,3.23,0.57,9.7,5,760
7.4,0.66,0,1.8,0.075,13,40,99.78,3.51,0.56,9.4,5,5
8,0.715,0.22,2.3,0.075,13,81,99.688,3.24,0.54,9.5,6,1275
8,0.715,0.22,2.3,0.075,13,81,99.688,3.24,0.54,9.5,6,1278
7.3,0.695,0,2.5,0.075,3,13,99.8,3.49,0.52,9.2,5,122
7.1,0.68,0.07,1.9,0.075,16,51,99.685,3.38,0.52,9.5,5,246
6.3,0.36,0.19,3.2,0.075,15,39,99.56,3.56,0.52,12.7,6,609
8.8,0.955,0.05,1.8,0.075,5,19,99.616,3.3,0.44,9.6,4,1189
8.4,0.39,0.1,1.7,0.075,6,25,99.581,3.09,0.43,9.7,6,1332
9.4,0.27,0.53,2.4,0.074,6,18,99.62,3.2,1.13,12,7,369
9.4,0.27,0.53,2.4,0.074,6,18,99.62,3.2,1.13,12,7,377
8,0.705,0.05,1.9,0.074,8,19,99.62,3.34,0.95,10.5,6,69
8.2,0.33,0.39,2.5,0.074,29,48,99.528,3.32,0.88,12.4,7,1167
10.4,0.44,0.73,6.55,0.074,38,76,99.9,3.17,0.85,12,7,501
10.4,0.44,0.73,6.55,0.074,38,76,99.9,3.17,0.85,12,7,502
7.2,0.36,0.46,2.1,0.074,24,44,99.534,3.4,0.85,11,7,1204
7.2,0.36,0.46,2.1,0.074,24,44,99.534,3.4,0.85,11,7,1206
7.2,0.36,0.46,2.1,0.074,24,44,99.534,3.4,0.85,11,7,1208
7.3,0.45,0.36,5.9,0.074,12,87,99.78,3.33,0.83,10.5,5,40
7.2,0.52,0.07,1.4,0.074,5,20,99.73,3.32,0.81,9.6,6,658
7.2,0.52,0.07,1.4,0.074,5,20,99.73,3.32,0.81,9.6,6,660
8.8,0.66,0.26,1.7,0.074,4,23,99.71,3.15,0.74,9.2,5,50
9.7,0.42,0.46,2.1,0.074,5,16,99.649,3.27,0.74,12.3,6,1172
7.1,0.27,0.6,2.1,0.074,17,25,99.814,3.38,0.72,10.6,6,1508
6.9,0.84,0.21,4.1,0.074,16,65,99.842,3.53,0.72,9.233333333,6,1514
6.9,0.84,0.21,4.1,0.074,16,65,99.842,3.53,0.72,9.25,6,1515
7.1,0.6,0,1.8,0.074,16,34,99.72,3.47,0.7,9.9,6,251
11.6,0.23,0.57,1.8,0.074,3,8,99.81,3.14,0.7,9.9,6,1060
7.4,0.36,0.3,1.8,0.074,17,24,99.419,3.24,0.7,11.4,8,1549
12,0.28,0.49,1.9,0.074,10,21,99.76,2.98,0.66,9.9,7,583
7.4,0.61,0.01,2,0.074,13,38,99.748,3.48,0.65,9.8,5,931
6.4,0.37,0.25,1.9,0.074,21,49,99.74,3.57,0.62,9.8,6,191
7.8,0.815,0.01,2.6,0.074,48,90,99.621,3.38,0.62,10.8,5,1231
6.2,0.46,0.29,2.1,0.074,32,98,99.578,3.33,0.62,9.8,5,1583
8,0.39,0.3,1.9,0.074,32,84,99.717,3.39,0.61,9,5,1533
7.3,0.58,0.3,2.4,0.074,15,55,99.68,3.46,0.59,10.2,5,196
6.9,0.49,0.1,2.3,0.074,12,30,99.59,3.42,0.58,10.2,6,148
7.6,0.49,0.33,1.9,0.074,27,85,99.706,3.41,0.58,9,5,1457
11.6,0.58,0.66,2.2,0.074,10,47,100.08,3.25,0.57,9,3,459
7.8,0.55,0.35,2.2,0.074,21,66,99.74,3.25,0.56,9.2,5,431
6.8,0.51,0.01,2.1,0.074,9,25,99.58,3.33,0.56,9.5,6,550
7,0.655,0.16,2.1,0.074,8,25,99.606,3.37,0.55,9.7,5,1485
7.3,0.39,0.31,2.4,0.074,9,46,99.62,3.41,0.54,9.4,6,59
8.2,0.73,0.21,1.7,0.074,5,13,99.68,3.2,0.52,9.5,5,671
8.2,0.73,0.21,1.7,0.074,5,13,99.68,3.2,0.52,9.5,5,673
6.8,0.48,0.08,1.8,0.074,40,64,99.529,3.12,0.49,9.6,5,1085
8.6,0.47,0.47,2.4,0.074,7,29,99.79,3.08,0.46,9.5,5,654
10.3,0.32,0.45,6.4,0.073,5,13,99.76,3.23,0.82,12.6,8,278
7.6,0.35,0.6,2.6,0.073,23,44,99.656,3.38,0.79,11.1,6,1472
8.2,0.26,0.34,2.5,0.073,16,47,99.594,3.4,0.78,11.3,7,857
12,0.45,0.55,2,0.073,25,49,99.97,3.1,0.76,10.3,6,286
9.3,0.39,0.4,2.6,0.073,10,26,99.84,3.34,0.75,10.2,6,489
8.2,0.635,0.1,2.1,0.073,25,60,99.638,3.29,0.75,10.9,6,1291
9.9,0.32,0.56,2,0.073,3,8,99.534,3.15,0.73,11.4,6,1076
7.5,0.38,0.48,2.6,0.073,22,84,99.72,3.32,0.7,9.6,4,703
11.7,0.45,0.63,2.2,0.073,7,23,99.974,3.21,0.69,10.9,6,1454
12,0.5,0.59,1.4,0.073,23,42,99.8,2.92,0.68,10.5,7,657
8,0.48,0.34,2.2,0.073,16,25,99.36,3.28,0.66,12.4,6,1104
10.8,0.5,0.46,2.5,0.073,5,27,100.01,3.05,0.64,9.5,5,295
8.8,0.33,0.41,5.9,0.073,7,13,99.658,3.3,0.62,12.1,7,974
8,0.42,0.17,2,0.073,6,18,99.72,3.29,0.61,9.2,6,172
7.2,0.38,0.3,1.8,0.073,31,70,99.685,3.42,0.59,9.5,6,1082
7.7,0.43,0.25,2.6,0.073,29,63,99.615,3.37,0.58,10.5,6,225
7.9,0.35,0.21,1.9,0.073,46,102,99.64,3.27,0.58,9.5,5,634
7.8,0.58,0.02,2,0.073,9,18,99.68,3.36,0.57,9.5,7,8
8,0.57,0.23,3.2,0.073,17,119,99.675,3.26,0.57,9.3,5,255
5.6,0.605,0.05,2.4,0.073,19,25,99.258,3.56,0.55,12.9,5,1052
6.2,0.46,0.17,1.6,0.073,7,11,99.425,3.61,0.54,11.4,5,939
7.5,0.61,0.26,1.9,0.073,24,88,99.612,3.3,0.53,9.8,5,1305
6.5,0.52,0.11,1.8,0.073,13,38,99.55,3.34,0.52,9.3,5,1328
9.7,0.295,0.4,1.5,0.073,14,21,99.556,3.14,0.51,10.9,6,989
7.1,0.68,0,2.2,0.073,12,22,99.69,3.48,0.5,9.3,5,158
8.4,1.035,0.15,6,0.073,11,54,99.9,3.37,0.49,9.9,5,705
7.5,0.58,0.2,2,0.073,34,44,99.494,3.1,0.43,9.3,5,1273
7.6,0.68,0.02,1.3,0.072,9,20,99.65,3.17,1.08,9.2,4,161
8.4,0.62,0.12,1.8,0.072,38,46,99.504,3.38,0.89,11.8,6,919
8.4,0.62,0.12,1.8,0.072,38,46,99.504,3.38,0.89,11.8,6,922
12.6,0.31,0.72,2.2,0.072,6,29,99.87,2.88,0.82,9.8,8,440
10.2,0.49,0.63,2.9,0.072,10,26,99.68,3.16,0.78,12.5,7,505
8.4,0.34,0.42,2.1,0.072,23,36,99.392,3.11,0.78,12.4,6,1100
8.7,0.42,0.45,2.4,0.072,32,59,99.617,3.33,0.77,12,6,1083
12.9,0.5,0.55,2.8,0.072,7,24,100.012,3.09,0.68,10.9,6,811
7.3,0.67,0.02,2.2,0.072,31,92,99.566,3.32,0.68,11.06666667,6,1439
10.3,0.27,0.24,2.1,0.072,15,33,99.56,3.22,0.66,12.8,6,533
7.8,0.64,0,1.9,0.072,27,55,99.62,3.31,0.63,11,5,1428
7,0.57,0.02,2,0.072,17,26,99.575,3.36,0.61,10.2,5,1546
6.3,0.76,0,2.9,0.072,26,52,99.379,3.51,0.6,11.5,6,1127
11.9,0.58,0.66,2.5,0.072,6,37,99.92,3.05,0.56,10,5,362
6.8,0.57,0,2.5,0.072,32,64,99.491,3.43,0.56,11.2,6,888
8.1,0.725,0.22,2.2,0.072,11,41,99.67,3.36,0.55,9.1,5,217
7.9,0.53,0.24,2,0.072,15,105,99.6,3.27,0.54,9.4,6,311
7.3,0.55,0.03,1.6,0.072,17,42,99.56,3.37,0.48,9,4,167
6.1,0.32,0.25,2.3,0.071,23,58,99.633,3.42,0.97,10.6,5,1522
12.5,0.46,0.63,2,0.071,6,15,99.88,2.99,0.87,10.2,5,363
6.2,0.39,0.43,2,0.071,14,24,99.428,3.45,0.87,11.2,7,1209
11.4,0.26,0.44,3.6,0.071,6,19,99.86,3.12,0.82,9.3,6,280
5.9,0.61,0.08,2.1,0.071,16,24,99.376,3.56,0.77,11.1,6,831
8.5,0.18,0.51,1.75,0.071,45,88,99.524,3.33,0.76,11.8,7,1156
6.4,0.47,0.4,2.4,0.071,8,19,99.63,3.56,0.73,10.6,6,1411
7.2,0.5,0.18,2.1,0.071,12,31,99.761,3.52,0.72,9.6,6,748
7.1,0.43,0.42,5.5,0.071,28,128,99.73,3.42,0.71,10.5,5,155
7.1,0.43,0.42,5.5,0.071,28,128,99.73,3.42,0.71,10.5,5,157
10,0.49,0.2,11,0.071,13,50,100.15,3.16,0.69,9.2,6,324
10,0.49,0.2,11,0.071,13,50,100.15,3.16,0.69,9.2,6,325
9.1,0.4,0.5,1.8,0.071,7,16,99.462,3.21,0.69,12.5,8,1061
7.4,0.49,0.27,2.1,0.071,14,25,99.388,3.35,0.63,12,6,1101
7.4,0.49,0.27,2.1,0.071,14,25,99.388,3.35,0.63,12,6,1103
6.2,0.52,0.08,4.4,0.071,11,32,99.646,3.56,0.63,11.6,6,1540
9.9,0.54,0.45,2.3,0.071,16,40,99.91,3.39,0.62,9.4,5,640
9.9,0.54,0.45,2.3,0.071,16,40,99.91,3.39,0.62,9.4,5,642
9.9,0.54,0.45,2.3,0.071,16,40,99.91,3.39,0.62,9.4,5,644
11.8,0.38,0.55,2.1,0.071,5,19,99.86,3.11,0.62,10.8,6,699
7,0.62,0.1,1.4,0.071,27,63,99.6,3.28,0.61,9.2,5,1309
7,0.42,0.19,2.3,0.071,18,36,99.476,3.39,0.56,10.9,5,1284
7.6,0.55,0.21,2.2,0.071,7,28,99.64,3.28,0.55,9.7,5,193
7.6,0.55,0.21,2.2,0.071,7,28,99.64,3.28,0.55,9.7,5,194
6.1,0.6,0.08,1.8,0.071,14,45,99.336,3.38,0.54,11,5,1473
6.4,0.865,0.03,3.2,0.071,27,58,99.5,3.61,0.49,12.7,6,729
10,0.41,0.45,6.2,0.071,6,14,99.702,3.21,0.49,11.8,7,1147
11.5,0.35,0.49,3.3,0.07,10,37,100.03,3.32,0.91,11,6,570
7.3,0.52,0.32,2.1,0.07,51,70,99.418,3.34,0.82,12.9,6,982
8.3,0.33,0.42,2.3,0.07,9,20,99.426,3.38,0.77,12.7,7,1053
7.3,0.51,0.18,2.1,0.07,12,28,99.768,3.52,0.73,9.5,6,745
7.3,0.51,0.18,2.1,0.07,12,28,99.768,3.52,0.73,9.5,6,749
7.1,0.43,0.42,5.5,0.07,29,129,99.73,3.42,0.72,10.5,5,156
6.6,0.52,0.08,2.4,0.07,13,26,99.358,3.4,0.72,12.5,7,1066
6.8,0.81,0.05,2,0.07,6,14,99.562,3.51,0.66,10.8,6,1506
10.7,0.35,0.53,2.6,0.07,5,16,99.72,3.15,0.65,11,8,495
10.7,0.35,0.53,2.6,0.07,5,16,99.72,3.15,0.65,11,8,498
8.3,0.53,0,1.4,0.07,6,14,99.593,3.25,0.64,10,6,1110
7.8,0.55,0,1.7,0.07,7,17,99.659,3.26,0.64,9.4,6,1236
10.2,0.42,0.57,3.4,0.07,4,10,99.71,3.04,0.63,9.6,5,56
9.1,0.52,0.33,1.3,0.07,9,30,99.78,3.24,0.6,9.3,5,428
6.8,0.66,0.07,1.6,0.07,16,61,99.572,3.29,0.6,9.3,5,1183
6.8,0.68,0.21,2.1,0.07,9,23,99.546,3.38,0.6,10.3,5,1486
9.3,0.715,0.24,2.1,0.07,5,20,99.66,3.12,0.59,9.9,5,542
8.7,0.82,0.02,1.2,0.07,36,48,99.52,3.2,0.58,9.8,5,469
8.3,0.845,0.01,2.2,0.07,5,14,99.67,3.32,0.58,11,4,647
6.9,0.44,0,1.4,0.07,32,38,99.438,3.32,0.58,11.4,6,1045
8,0.52,0.03,1.7,0.07,10,35,99.575,3.34,0.57,10,5,262
12.5,0.46,0.49,4.5,0.07,26,49,99.81,3.05,0.57,9.6,4,409
7.6,0.48,0.31,2.8,0.07,4,15,99.693,3.22,0.55,10.3,6,809
6.8,0.915,0.29,4.8,0.07,15,39,99.577,3.53,0.54,11.1,5,1437
6.6,0.39,0.49,1.7,0.07,23,149,99.22,3.12,0.5,11.5,6,591
7.4,0.6,0.26,7.3,0.07,36,121,99.82,3.37,0.49,9.4,5,163
7.3,0.59,0.26,7.2,0.07,35,121,99.81,3.37,0.49,9.4,5,164
7.2,0.49,0.24,2.2,0.07,5,36,99.6,3.33,0.48,9.4,5,104
7.1,0.62,0.06,1.3,0.07,5,12,99.42,3.17,0.48,9.8,5,1392
8.1,0.66,0.22,2.2,0.069,9,23,99.68,3.3,1.2,10.3,5,43
6.3,0.3,0.48,1.8,0.069,18,61,99.59,3.44,0.78,10.3,6,84
6.1,0.4,0.16,1.8,0.069,11,25,99.55,3.42,0.74,10.1,7,1433
10.3,0.5,0.42,2,0.069,21,51,99.82,3.16,0.72,11.5,6,466
10.6,0.28,0.39,15.5,0.069,6,23,100.26,3.12,0.66,9.2,5,480
6.6,0.58,0.02,2.4,0.069,19,40,99.387,3.38,0.66,12.6,6,1335
6.6,0.52,0.04,2.2,0.069,8,15,99.56,3.4,0.63,9.4,6,51
6.2,0.45,0.2,1.6,0.069,3,15,99.58,3.41,0.56,9.2,5,80
7.7,0.57,0.21,1.5,0.069,4,9,99.458,3.16,0.54,9.8,6,1197
7.7,0.57,0.21,1.5,0.069,4,9,99.458,3.16,0.54,9.8,6,1200
7.6,0.43,0.31,2.1,0.069,13,74,99.58,3.26,0.54,9.9,6,1431
8.8,0.7,0,1.7,0.069,8,19,99.701,3.31,0.53,10,6,762
7.3,0.69,0.32,2.2,0.069,35,104,99.632,3.33,0.51,9.5,5,1572
7.9,0.6,0.06,1.6,0.069,15,59,99.64,3.3,0.46,9.4,5,6
7,0.6,0.3,4.5,0.068,20,110,99.914,3.3,1.17,10.2,5,1288
7,0.6,0.3,4.5,0.068,20,110,99.914,3.3,1.17,10.2,5,1289
10.4,0.43,0.5,2.3,0.068,13,19,99.6,3.1,0.87,11.4,6,1267
9.1,0.3,0.41,2,0.068,10,24,99.523,3.27,0.85,11.7,7,1107
6.8,0.62,0.08,1.9,0.068,28,38,99.651,3.42,0.82,9.5,6,1593
8.9,0.38,0.4,2.2,0.068,12,28,99.486,3.27,0.75,12.6,7,1016
7.2,0.67,0,2.2,0.068,10,24,99.56,3.42,0.72,11.1,6,1399
8.6,0.42,0.39,1.8,0.068,6,12,99.516,3.35,0.69,11.7,8,1202
7.1,0.69,0.04,2.1,0.068,19,27,99.712,3.44,0.67,9.8,5,1511
7.6,0.715,0,2.1,0.068,30,35,99.533,3.48,0.65,11.4,6,881
6.6,0.5,0.04,2.1,0.068,6,14,99.55,3.39,0.64,9.4,6,52
11.1,0.18,0.48,1.5,0.068,7,15,99.73,3.22,0.64,10.1,6,301
7.8,0.545,0.12,2.5,0.068,11,35,99.6,3.34,0.61,11.6,6,708
9,0.4,0.43,2.4,0.068,29,46,99.43,3.2,0.6,12.2,6,968
7.4,0.35,0.33,2.4,0.068,9,26,99.47,3.36,0.6,11.9,6,1580
6,0.49,0,2.3,0.068,15,33,99.292,3.58,0.59,12.5,6,1390
7.4,0.62,0.05,1.9,0.068,24,42,99.61,3.42,0.57,11.5,6,173
6.7,0.42,0.27,8.6,0.068,24,148,99.48,3.16,0.57,11.3,6,649
7,0.805,0,2.5,0.068,7,20,99.69,3.48,0.56,9.6,5,178
7.1,0.48,0.28,2.8,0.068,6,16,99.682,3.24,0.53,10.3,5,824
7.3,0.49,0.1,2.6,0.068,4,14,99.562,3.3,0.47,10.5,5,810
9.8,0.39,0.43,1.65,0.068,5,11,99.478,3.19,0.46,11.4,5,1181
8.6,0.55,0.09,3.3,0.068,8,17,99.735,3.23,0.44,10,5,801
8.9,0.29,0.35,1.9,0.067,25,57,99.7,3.18,1.36,10.3,6,639
9.1,0.28,0.48,1.8,0.067,26,46,99.67,3.32,1.04,10.6,6,372
11.5,0.3,0.6,2,0.067,12,27,99.81,3.11,0.97,10.1,6,197
10.6,0.31,0.49,2.5,0.067,6,21,99.87,3.26,0.86,10.7,6,547
6.4,0.57,0.02,1.8,0.067,4,11,99.7,3.46,0.68,9.5,5,727
6.4,0.57,0.02,1.8,0.067,4,11,99.7,3.46,0.68,9.5,5,728
7,0.64,0.02,2.1,0.067,9,23,99.7,3.47,0.67,9.4,6,702
8,0.25,0.43,1.7,0.067,22,50,99.46,3.38,0.6,11.9,6,1135
8.4,0.29,0.4,1.7,0.067,8,20,99.603,3.39,0.6,10.5,5,1458
8.8,0.61,0.14,2.4,0.067,10,42,99.69,3.19,0.59,9.5,5,179
8.8,0.61,0.14,2.4,0.067,10,42,99.69,3.19,0.59,9.5,5,180
8.2,0.74,0.09,2,0.067,5,10,99.418,3.28,0.57,11.8,6,1064
6.7,1.04,0.08,2.3,0.067,19,32,99.648,3.52,0.57,11,4,1467
6.5,0.34,0.27,2.8,0.067,8,44,99.384,3.21,0.56,12,6,1168
6.8,0.36,0.32,1.8,0.067,4,8,99.28,3.36,0.55,12.8,7,1005
8.9,0.28,0.45,1.7,0.067,7,12,99.354,3.25,0.55,12.3,7,1010
7.3,0.35,0.24,2,0.067,28,48,99.576,3.43,0.54,10,4,872
6.7,0.7,0.08,3.75,0.067,8,16,99.334,3.43,0.52,12.6,5,1471
7.5,0.42,0.32,2.7,0.067,7,25,99.628,3.24,0.44,10.4,5,862
10.5,0.24,0.47,2.1,0.066,6,24,99.78,3.15,0.9,11,7,423
10.5,0.24,0.47,2.1,0.066,6,24,99.78,3.15,0.9,11,7,430
10.4,0.26,0.48,1.9,0.066,6,10,99.724,3.33,0.87,10.9,6,971
7.7,0.18,0.34,2.7,0.066,15,58,99.47,3.37,0.78,11.8,6,1230
6,0.64,0.05,1.9,0.066,9,17,99.496,3.52,0.78,10.6,5,1487
8.1,0.38,0.28,2.1,0.066,13,30,99.68,3.23,0.73,9.7,7,37
8.5,0.37,0.32,1.8,0.066,26,51,99.456,3.38,0.72,11.8,6,1264
6.4,0.31,0.09,1.4,0.066,15,28,99.459,3.42,0.7,10,7,1494
6.8,0.77,0,1.8,0.066,34,52,99.76,3.62,0.68,9.9,5,419
8.7,0.48,0.3,2.8,0.066,10,28,99.64,3.33,0.67,11.2,7,648
7,0.65,0.02,2.1,0.066,8,25,99.72,3.47,0.67,9.5,6,697
7,0.65,0.02,2.1,0.066,8,25,99.72,3.47,0.67,9.5,6,701
11.1,0.45,0.73,3.2,0.066,6,22,99.86,3.17,0.66,11.2,6,437
12.9,0.35,0.49,5.8,0.066,5,35,100.14,3.2,0.66,12,7,538
5.8,0.61,0.11,1.8,0.066,18,28,99.483,3.55,0.66,10.9,6,1587
7.3,0.32,0.23,2.3,0.066,35,70,99.588,3.43,0.62,10.1,5,1144
7.4,0.41,0.24,1.8,0.066,18,47,99.56,3.37,0.62,10.4,5,1430
12,0.37,0.76,4.2,0.066,7,38,100.04,3.22,0.6,13,7,395
6.1,0.21,0.4,1.4,0.066,40.5,165,99.12,3.25,0.59,11.9,6,354
6.3,0.39,0.08,1.7,0.066,3,20,99.54,3.34,0.58,9.4,5,143
5.6,0.66,0,2.5,0.066,7,15,99.256,3.52,0.58,12.9,5,1119
7.9,0.31,0.32,1.9,0.066,14,36,99.364,3.41,0.56,12.6,6,1026
6.6,0.88,0.04,2.2,0.066,12,20,99.636,3.53,0.56,9.9,5,1556
8,0.59,0.16,1.8,0.065,3,16,99.62,3.42,0.92,10.5,7,128
7.5,0.31,0.41,2.4,0.065,34,60,99.492,3.34,0.85,11.4,6,1586
6.2,0.58,0,1.6,0.065,8,18,99.66,3.56,0.84,9.4,5,1415
7,0.22,0.3,1.8,0.065,16,20,99.672,3.61,0.82,10,6,1143
8.8,0.46,0.45,2.6,0.065,7,18,99.47,3.32,0.79,14,6,467
9.1,0.5,0.3,1.9,0.065,8,17,99.774,3.32,0.71,10.5,6,980
9.1,0.5,0.3,1.9,0.065,8,17,99.774,3.32,0.71,10.5,6,983
7,0.56,0.17,1.7,0.065,15,24,99.514,3.44,0.68,10.55,7,1555
10,0.46,0.44,2.9,0.065,4,8,99.674,3.33,0.62,12.2,6,912
8.2,1,0.09,2.3,0.065,7,37,99.685,3.32,0.55,9,6,234
8.7,0.84,0,1.4,0.065,24,33,99.54,3.27,0.55,9.7,5,635
7.9,0.34,0.36,1.9,0.065,5,10,99.419,3.27,0.54,11.2,7,1201
10.1,0.27,0.54,2.3,0.065,7,26,99.531,3.17,0.53,12.5,6,794
7.1,0.39,0.12,2.1,0.065,14,24,99.252,3.3,0.53,13.3,6,1118
6.4,0.795,0,2.2,0.065,28,52,99.378,3.49,0.52,11.6,5,1027
7.2,0.62,0.01,2.3,0.065,8,46,99.332,3.32,0.51,11.8,6,1351
7.3,0.65,0,1.2,0.065,15,21,99.46,3.39,0.47,10,7,7
6,0.51,0,2.1,0.064,40,54,99.5,3.54,0.93,10.7,6,1407
6,0.51,0,2.1,0.064,40,54,99.5,3.54,0.93,10.7,6,1409
12.5,0.56,0.49,2.4,0.064,5,27,99.99,3.08,0.87,10.9,5,264
8.6,0.22,0.36,1.9,0.064,53,77,99.604,3.47,0.87,11,7,925
9.1,0.3,0.34,2,0.064,12,25,99.516,3.26,0.84,11.7,7,1007
9.1,0.37,0.32,2.1,0.064,4,15,99.576,3.3,0.8,11.2,6,1302
7.3,0.34,0.33,2.5,0.064,21,37,99.52,3.35,0.77,12.1,7,1417
9.5,0.46,0.49,6.3,0.064,5,17,99.88,3.21,0.73,11,6,541
6.8,0.47,0.08,2.2,0.064,18,38,99.553,3.3,0.65,9.6,6,1526
6.7,0.48,0.08,2.1,0.064,18,34,99.552,3.33,0.64,9.7,5,1525
6.6,0.56,0.14,2.4,0.064,13,29,99.397,3.42,0.62,11.7,7,1534
7.2,0.53,0.14,2.1,0.064,15,29,99.323,3.35,0.61,12.1,6,1297
6.5,0.51,0.15,3,0.064,12,27,99.29,3.33,0.59,12.8,6,1311
7.4,0.58,0,2,0.064,7,11,99.562,3.45,0.58,11.3,6,985
7.7,0.715,0.01,2.1,0.064,31,43,99.371,3.41,0.57,11.8,6,877
8.7,0.765,0.22,2.3,0.064,9,42,99.63,3.1,0.55,9.4,5,399
9.1,0.29,0.33,2.05,0.063,13,27,99.516,3.26,0.84,11.7,7,1006
6.5,0.53,0.06,2,0.063,29,44,99.489,3.38,0.83,10.3,6,1517
8.4,0.37,0.43,2.3,0.063,12,19,99.55,3.17,0.81,11.2,7,1544
7.2,0.25,0.37,2.5,0.063,11,41,99.439,3.52,0.8,12.4,7,1192
10.8,0.32,0.44,1.6,0.063,16,37,99.85,3.22,0.78,10,6,250
8.7,0.33,0.38,3.3,0.063,10,19,99.468,3.3,0.73,12,7,929
6.6,0.44,0.09,2.2,0.063,9,18,99.444,3.42,0.69,11.3,6,1530
6.8,0.59,0.1,1.7,0.063,34,53,99.58,3.41,0.67,9.7,5,1464
9.8,0.44,0.47,2.5,0.063,9,28,99.81,3.24,0.65,10.8,6,406
7,0.23,0.4,1.6,0.063,21,67,99.52,3.5,0.63,11.1,5,454
7.1,0.69,0.08,2.1,0.063,42,52,99.608,3.42,0.6,10.2,6,1529
5.7,0.6,0,1.4,0.063,11,18,99.191,3.45,0.56,12.2,6,1298
8.2,0.44,0.24,2.3,0.063,10,28,99.613,3.25,0.53,10.2,6,1345
10.6,0.31,0.49,2.2,0.063,18,40,99.76,3.14,0.51,9.8,6,579
8.2,0.24,0.34,5.1,0.062,8,22,99.74,3.22,0.94,10.9,6,1406
8.2,0.24,0.34,5.1,0.062,8,22,99.74,3.22,0.94,10.9,6,1412
6.6,0.58,0.02,2,0.062,37,53,99.374,3.35,0.76,11.6,7,1452
5.9,0.55,0.1,2.2,0.062,39,51,99.512,3.52,0.76,11.2,6,1595
7.2,0.37,0.32,2,0.062,15,28,99.47,3.23,0.73,11.3,7,1450
7.5,0.43,0.3,2.2,0.062,6,12,99.495,3.44,0.72,11.5,7,1000
7.9,0.18,0.4,1.8,0.062,7,20,99.41,3.28,0.7,11.1,5,1509
9.2,0.36,0.34,1.6,0.062,5,12,99.667,3.2,0.67,10.5,6,1170
7.3,0.48,0.32,2.1,0.062,31,54,99.728,3.3,0.65,10,7,1466
7.3,0.48,0.32,2.1,0.062,31,54,99.728,3.3,0.65,10,7,1468
7.7,0.49,0.26,1.9,0.062,9,31,99.66,3.39,0.64,9.6,5,87
7.7,0.49,0.26,1.9,0.062,9,31,99.66,3.39,0.64,9.6,5,93
7,0.62,0.18,1.5,0.062,7,50,99.51,3.08,0.6,9.3,5,439
6.6,0.855,0.02,2.4,0.062,15,23,99.627,3.54,0.6,11,6,1557
9.8,0.3,0.39,1.7,0.062,3,9,99.48,3.14,0.57,11.5,7,1279
7,0.51,0.09,2.1,0.062,4,9,99.584,3.35,0.54,10.5,5,1022
7.2,0.33,0.33,1.7,0.061,3,13,99.6,3.23,1.1,10,8,1403
9.4,0.24,0.33,2.3,0.061,52,73,99.786,3.47,0.9,10.2,6,926
6.7,0.67,0.02,1.9,0.061,26,42,99.489,3.39,0.82,10.9,6,1565
6.7,0.32,0.44,2.4,0.061,24,34,99.484,3.29,0.8,11.6,7,1584
8.5,0.28,0.35,1.7,0.061,6,15,99.524,3.3,0.74,11.8,7,1134
7.3,0.98,0.05,2.1,0.061,20,49,99.705,3.31,0.55,9.7,3,1469
10,0.35,0.47,2,0.061,6,11,99.585,3.23,0.52,12,6,1149
7,0.4,0.32,3.6,0.061,9,29,99.416,3.28,0.49,11.3,7,978
6.9,1.09,0.06,2.1,0.061,12,31,99.48,3.51,0.43,11.4,4,199
11.1,0.31,0.53,2.2,0.06,3,10,99.572,3.02,0.83,10.9,7,1067
7,0.49,0.49,5.6,0.06,26,121,99.74,3.34,0.76,10.5,5,215
5,0.42,0.24,2,0.06,19,50,99.17,3.72,0.74,14,8,588
8.8,0.3,0.38,2.3,0.06,19,72,99.543,3.39,0.72,11.8,6,936
7.5,0.52,0.4,2.2,0.06,12,20,99.474,3.26,0.64,11.8,6,1575
6.2,0.785,0,2.1,0.06,6,13,99.664,3.59,0.61,10,4,1461
6.8,0.59,0.06,6,0.06,11,18,99.62,3.41,0.59,10.8,7,904
8,0.67,0.3,2,0.06,38,62,99.58,3.26,0.56,10.2,6,436
10.8,0.26,0.45,3.3,0.06,20,49,99.72,3.13,0.54,9.6,5,679
8.2,0.57,0.26,2.2,0.06,28,65,99.59,3.3,0.43,10.1,5,213
6.7,0.16,0.64,2.1,0.059,24,52,99.494,3.34,0.71,11.2,6,1566
6.5,0.63,0.33,1.8,0.059,16,28,99.531,3.36,0.64,10.1,6,1545
12.4,0.4,0.51,2,0.059,6,24,99.94,3.04,0.6,9.3,6,596
6.6,0.84,0.03,2.3,0.059,32,48,99.52,3.52,0.56,12.3,7,421
6.6,0.84,0.03,2.3,0.059,32,48,99.52,3.52,0.56,12.3,7,425
8.1,0.78,0.23,2.6,0.059,5,15,99.7,3.37,0.56,11.3,5,683
8.1,0.78,0.23,2.6,0.059,5,15,99.7,3.37,0.56,11.3,5,685
7.1,0.75,0.01,2.2,0.059,11,18,99.242,3.39,0.4,12.8,6,1234
7.1,0.75,0.01,2.2,0.059,11,18,99.242,3.39,0.4,12.8,6,1237
8.5,0.47,0.27,1.9,0.058,18,38,99.518,3.16,0.85,11.1,6,960
8.5,0.47,0.27,1.9,0.058,18,38,99.518,3.16,0.85,11.1,6,964
8.2,0.31,0.4,2.2,0.058,6,10,99.536,3.31,0.68,11.2,7,952
7.2,0.53,0.13,2,0.058,18,22,99.573,3.21,0.68,9.9,6,1532
9.1,0.6,0,1.9,0.058,5,10,99.77,3.18,0.63,10.4,6,1130
7.5,0.685,0.07,2.5,0.058,5,9,99.632,3.38,0.55,10.9,4,830
9.1,0.34,0.42,1.8,0.058,9,18,99.392,3.18,0.55,11.4,5,1322
6.9,0.58,0.2,1.75,0.058,8,22,99.322,3.38,0.49,11.7,5,1443
7.8,0.91,0.07,1.9,0.058,22,47,99.525,3.51,0.43,10.7,6,755
7.9,0.885,0.03,1.8,0.058,4,8,99.72,3.36,0.33,9.1,4,170
9.3,0.33,0.45,1.5,0.057,19,37,99.498,3.18,0.89,11.1,7,1070
7.9,0.19,0.42,1.6,0.057,18,30,99.4,3.29,0.69,11.2,6,1087
6.8,0.61,0.04,1.5,0.057,5,10,99.525,3.42,0.6,9.5,5,222
6.5,0.67,0,4.3,0.057,11,20,99.488,3.45,0.56,11.8,4,1239
6.3,0.98,0.01,2,0.057,15,33,99.488,3.6,0.46,11.2,6,756
6,0.5,0,1.4,0.057,15,26,99.448,3.36,0.45,9.5,5,1336
6,0.5,0,1.4,0.057,15,26,99.448,3.36,0.45,9.5,5,1337
6,0.5,0,1.4,0.057,15,26,99.448,3.36,0.45,9.5,5,1338
7.9,0.24,0.4,1.6,0.056,11,25,99.67,3.32,0.87,8.7,6,371
9.6,0.32,0.47,1.4,0.056,9,24,99.695,3.22,0.82,10.3,7,200
7.2,0.38,0.31,2,0.056,15,29,99.472,3.23,0.76,11.3,8,1449
7.9,0.33,0.41,1.5,0.056,6,35,99.396,3.29,0.71,11,6,1112
8.9,0.31,0.36,2.6,0.056,10,39,99.562,3.4,0.69,11.8,5,900
5.9,0.395,0.13,2.4,0.056,14,28,99.362,3.62,0.67,12.4,6,1292
6.2,0.51,0.14,1.9,0.056,15,34,99.396,3.48,0.57,11.5,6,1569
6.1,0.59,0.01,2.1,0.056,5,13,99.472,3.52,0.56,11.4,5,1346
8.6,0.47,0.27,2.3,0.055,14,28,99.516,3.18,0.8,11.2,5,924
8.6,0.47,0.27,2.3,0.055,14,28,99.516,3.18,0.8,11.2,5,928
9.2,0.41,0.5,2.5,0.055,12,25,99.52,3.34,0.79,13.3,7,491
8.5,0.34,0.4,4.7,0.055,3,9,99.738,3.38,0.66,11.6,7,1086
8.8,0.24,0.35,1.7,0.055,13,27,99.394,3.14,0.59,11.3,7,1125
7.7,0.6,0,2.6,0.055,7,13,99.639,3.38,0.56,10.8,5,793
6.4,0.69,0,1.65,0.055,7,12,99.162,3.47,0.53,12.9,6,999
6.3,0.47,0,1.4,0.055,27,33,99.22,3.45,0.48,12.3,6,1122
5.3,0.57,0.01,1.7,0.054,5,27,99.34,3.57,0.84,12.5,7,444
7.9,0.2,0.35,1.7,0.054,7,15,99.458,3.32,0.8,11.9,7,1459
6.4,0.42,0.09,2.3,0.054,34,64,99.724,3.41,0.68,10.4,6,1460
11.7,0.28,0.47,1.7,0.054,17,32,99.686,3.15,0.67,10.6,7,858
6.9,0.74,0.03,2.3,0.054,7,16,99.508,3.45,0.63,11.5,6,1497
6.9,0.74,0.03,2.3,0.054,7,16,99.508,3.45,0.63,11.5,6,1499
5.2,0.48,0.04,1.6,0.054,19,106,99.27,3.54,0.62,12.2,7,230
4.6,0.52,0.15,2.1,0.054,8,65,99.34,3.9,0.56,13.1,4,45
10.2,0.67,0.39,1.9,0.054,6,17,99.76,3.17,0.47,10,5,485
7.1,0.31,0.3,2.2,0.053,36,127,99.65,2.94,1.62,9.5,5,723
6.1,0.715,0.1,2.6,0.053,13,27,99.362,3.57,0.5,11.9,5,1582
10.2,0.645,0.36,1.8,0.053,5,14,99.82,3.17,0.42,10,6,487
8.9,0.4,0.51,2.6,0.052,13,27,99.5,3.32,0.9,13.4,7,492
7.6,0.3,0.42,2,0.052,6,24,99.63,3.44,0.82,11.9,6,1402
7.7,0.26,0.26,2,0.052,19,77,99.51,3.15,0.79,10.9,6,1198
8.9,0.43,0.45,1.9,0.052,6,16,99.48,3.35,0.7,12.5,6,336
10.2,0.34,0.48,2.1,0.052,5,9,99.458,3.2,0.69,12.1,7,953
6.5,0.9,0,1.6,0.052,9,17,99.467,3.5,0.63,10.9,6,1455
7,0.59,0,1.7,0.052,3,8,99.6,3.41,0.47,10.3,5,1438
6.5,0.39,0.23,8.3,0.051,28,91,99.52,3.44,0.55,12.1,6,494
5.2,0.34,0,1.8,0.05,27,63,99.16,3.68,0.79,14,6,142
5.2,0.34,0,1.8,0.05,27,63,99.16,3.68,0.79,14,6,144
7.5,0.27,0.34,2.3,0.05,4,8,99.51,3.4,0.64,11,7,826
5,1.04,0.24,1.6,0.05,32,96,99.34,3.74,0.62,11.5,5,553
8.5,0.4,0.4,6.3,0.05,3,10,99.566,3.28,0.56,12,4,1276
6.2,0.65,0.06,1.6,0.05,6,18,99.348,3.57,0.54,11.95,5,1492
7.9,0.3,0.68,8.3,0.05,37.5,278,99.316,3.01,0.51,12.3,7,1079
7.9,0.3,0.68,8.3,0.05,37.5,289,99.316,3.01,0.51,12.3,7,1081
8.9,0.84,0.34,1.4,0.05,4,10,99.554,3.12,0.48,9.1,6,998
7.9,0.18,0.4,2.2,0.049,38,67,99.6,3.33,0.93,11.3,5,1429
5.6,0.5,0.09,2.3,0.049,17,99,99.37,3.63,0.63,13,5,131
5.6,0.54,0.04,1.7,0.049,5,13,99.42,3.72,0.58,11.4,5,1488
7.3,0.44,0.2,1.6,0.049,24,64,99.35,3.38,0.57,11.7,6,1271
8,0.18,0.37,0.9,0.049,36,109,99.007,2.89,0.44,12.7,6,1018
8.1,0.29,0.36,2.2,0.048,35,53,99.5,3.27,1.01,12.4,7,1408
5.3,0.47,0.11,2.2,0.048,16,89,99.182,3.54,0.88,13.566666666666698,7,1475
5.3,0.47,0.11,2.2,0.048,16,89,99.182,3.54,0.88,13.6,7,1477
5,0.38,0.01,1.6,0.048,26,60,99.084,3.7,0.75,14,6,1270
4.9,0.42,0,2.1,0.048,16,42,99.154,3.71,0.74,14,7,821
6.3,0.57,0.28,2.1,0.048,13,49,99.374,3.41,0.6,12.8,5,1105
6.4,0.36,0.21,2.2,0.047,26,48,99.661,3.47,0.77,9.7,6,1510
7.7,0.96,0.2,2,0.047,15,60,99.55,3.36,0.44,10.9,5,422
5,0.4,0.5,4.3,0.046,29,80,99.02,3.49,0.66,13.6,6,1114
6.4,0.39,0.33,3.3,0.046,12,53,99.294,3.36,0.62,12.2,6,1044
5.6,0.85,0.05,1.4,0.045,12,88,99.24,3.56,0.82,12.9,8,390
6.4,0.67,0.08,2.1,0.045,19,48,99.49,3.49,0.49,11.4,6,426
5,1.02,0.04,1.4,0.045,41,85,99.38,3.75,0.48,10.5,4,94
5.1,0.585,0,1.7,0.044,14,86,99.264,3.56,0.94,12.9,7,802
9,0.39,0.4,1.3,0.044,25,50,99.478,3.2,0.83,10.9,6,1219
5.1,0.42,0,1.8,0.044,18,88,99.157,3.68,0.73,13.6,7,1228
6.1,0.58,0.23,2.5,0.044,16,70,99.352,3.46,0.65,12.5,6,1151
6.9,0.45,0.11,2.4,0.043,6,12,99.354,3.3,0.65,11.4,6,1142
5.1,0.51,0.18,2.1,0.042,16,101,99.24,3.46,0.87,12.9,7,1157
8.1,0.33,0.44,1.5,0.042,6,12,99.542,3.35,0.61,10.7,5,1483
5.6,0.915,0,2.1,0.041,17,78,99.346,3.68,0.73,11.4,5,1178
8.4,0.25,0.39,2,0.041,4,10,99.386,3.27,0.71,12.5,7,806
5.4,0.74,0,1.2,0.041,16,46,99.258,4.01,0.59,12.5,6,1316
5,0.74,0,1.2,0.041,16,46,99.258,4.01,0.59,12.5,6,1321
9.7,0.53,0.6,2,0.039,5,19,99.585,3.3,0.86,12.4,6,210
7.1,0.22,0.49,1.8,0.039,8,18,99.344,3.39,0.56,12.4,6,1490
7.7,0.66,0.04,1.6,0.039,4,9,99.62,3.4,0.47,9.4,5,688
9.3,0.37,0.44,1.6,0.038,21,42,99.526,3.24,0.81,10.8,7,797
6.4,0.38,0.14,2.2,0.038,15,25,99.514,3.44,0.65,11.1,6,1571
5.1,0.47,0.02,1.3,0.034,18,44,99.21,3.9,0.62,12.8,6,695
6.7,0.28,0.28,2.4,0.012,36,100,99.064,3.26,0.39,11.7,7,836
6.7,0.28,0.28,2.4,0.012,36,100,99.064,3.26,0.39,11.7,7,837
