Gemeinde,Sprachgebiet,Kanton,Bezirk,Artikel zur Gleichstellung von Mann und Frau,Konsumentenschutz-Artikel,Weiterführung der Finanzordnung,Revision des Strafgesetzes (Gewaltverbrechen),Ausländergesetz,Preisüberwachungs-Initiative,Gegenentwurf zur Preisüberwachungs-Initiative,Neuregelung der Treibstoffzölle,Energieartikel,Reform der Bürgerrechtsregelung in der Bundesverfassung,Bundesbeschluss über die Erleichterung gewisser Einbürgerungen,Einführung einer Schwerverkehrsabgabe,Einführung der Autobahnvignette,Zivildienst-Initiative,Initiative «gegen den Missbrauch des Bankgeheimnisses und der Bankenmacht»,Initiative «Gegen den Ausverkauf der Heimat»,Initiative «für eine Zukunft ohne weitere Atomkraftwerke»,Initiative «für eine umweltgerechte Energieversorgung»,Initiative «für einen wirksamen Schutz der Mutterschaft»,Radio- und Fernsehartikel,Bundesbeschluss über die Entschädigung der Opfer von Gewaltverbrechen,Aufhebung der Bundesbeiträge für den Primarschulunterricht
Aeugst am Albis,Deutsches Sprachgebiet,Zürich,Bezirk Affoltern,49.39341421,49.04679376,39.77086743,47.34299517,47.02093398,42.97124601,42.97124601,42.04724409,42.20472441,47.19626168,47.6635514,52.61538462,52.61538462,52.15384615,55.3030303,55.15151515,58.75190259,58.59969559,47.85276074,47.6993865,47.85276074,43.73088685
Affoltern am Albis,Deutsches Sprachgebiet,Zürich,Bezirk Affoltern,34.27250715,33.92031697,34.71289274,37.67838126,37.72097977,29.49957948,29.49957948,31.64503977,31.54039347,39.03035241,39.37665512,53.61641609,53.53514831,53.63673304,44.43996777,44.3190975,43.57898942,43.47912922,35.38308458,35.06467662,35.26368159,34.52006294
Bonstetten,Deutsches Sprachgebiet,Zürich,Bezirk Affoltern,41.17647059,40.8929837,44.25476034,61.9078105,61.52368758,37.72642099,37.72642099,42.89230769,42.95384615,58.36782969,58.4861029,66.48904677,66.48904677,66.37063351,52.33589592,52.39503253,53.24751317,53.24751317,44.69339623,44.45754717,44.5754717,49.14353219
Hausen am Albis,Deutsches Sprachgebiet,Zürich,Bezirk Affoltern,33.83458647,33.68421053,41.08695652,42.75717285,42.68719384,33.51724138,33.51724138,42.24376731,41.966759,46.46194927,46.92923899,63.11962987,63.11962987,63.51619299,47.12871287,47.19471947,53.97543633,53.97543633,44.44444444,44.12144703,44.50904393,41.7996171
Hedingen,Deutsches Sprachgebiet,Zürich,Bezirk Affoltern,36.59919028,36.68016194,36.84210526,40.38004751,40.38004751,31.39904611,31.39904611,37.12948518,37.12948518,41.00156495,41.23630673,56.90607735,56.74822415,56.98500395,45.44049459,45.28593509,46.75324675,46.60045837,35.37051184,33.53705118,34.91214668,40.53639847
Kappel am Albis,Deutsches Sprachgebiet,Zürich,Bezirk Affoltern,51.21293801,50.40431267,52.75590551,55.40897098,54.88126649,37.76595745,37.76595745,50.93333333,50.93333333,49.87080103,50.12919897,69.64285714,69.13265306,69.64285714,51.42118863,51.67958656,62.1483376,61.63682865,48.49246231,48.24120603,48.24120603,52.09876543
Knonau,Deutsches Sprachgebiet,Zürich,Bezirk Affoltern,58.88324873,58.71404399,55.89225589,58.00344234,57.65920826,53.57766143,53.57766143,59.89583333,60.24305556,62.30366492,62.65270506,73.51916376,73.34494774,73.51916376,67.30434783,67.30434783,72.93103448,73.27586207,61.74957118,60.72041166,61.92109777,65.40447504
Maschwanden,Deutsches Sprachgebiet,Zürich,Bezirk Affoltern,52.44755245,52.7972028,57.24137931,60.2739726,58.21917808,50.67567568,50.67567568,59.5890411,58.90410959,56.36942675,56.68789809,76.50793651,76.50793651,76.19047619,64.3533123,62.14511041,65.71428571,65.07936508,59.87261147,58.28025478,59.87261147,61.09324759
Mettmenstetten,Deutsches Sprachgebiet,Zürich,Bezirk Affoltern,44.5229682,44.09893993,41.13968033,48.31383345,48.52030282,37.45774172,37.45774172,41.36786189,40.70385126,47.03363914,47.1559633,60.69711539,60.81730769,60.81730769,47.56820878,47.39027284,50,49.94103774,47.106955,46.63939217,46.87317358,48.20482637
Obfelden,Deutsches Sprachgebiet,Zürich,Bezirk Affoltern,31.37860082,31.22427984,30.37525355,35.36463537,35.41458542,26.47058824,26.47058824,33.02393747,32.7308256,37.11194732,37.2060207,52.64900662,52.64900662,52.50709555,38.71268657,38.66604478,43.3056325,43.25946445,31.97807218,32.02375514,31.93238922,35.03616637
Ottenbach,Deutsches Sprachgebiet,Zürich,Bezirk Affoltern,36.45374449,36.67400881,29.10284464,35.30031612,34.35194942,28.82599581,28.82599581,34.77366255,34.36213992,36.29343629,36.003861,60.56872038,60.66350711,60.47393365,40.93067426,40.64577398,44.47619048,44.38095238,32.54716981,32.45283019,32.54716981,39.05817175
Rifferswil,Deutsches Sprachgebiet,Zürich,Bezirk Affoltern,64.37994723,64.11609499,61.2987013,71.76165803,71.76165803,53.76884422,53.76884422,60.94527363,60.44776119,64.23173804,64.4836272,74.87562189,74.62686567,74.62686567,67.74193548,67.49379653,73.43358396,73.43358396,71.39240506,70.88607595,71.39240506,68.35443038
Stallikon,Deutsches Sprachgebiet,Zürich,Bezirk Affoltern,39.11637931,39.00862069,34.54545455,42.52631579,42.42105263,30.75356416,30.75356416,39.64143426,39.64143426,49.27255092,49.27255092,57.87439614,57.87439614,57.87439614,51.63461539,51.44230769,50.94161959,50.37664783,38.96103896,38.7755102,38.96103896,41.38888889
Wettswil am Albis,Deutsches Sprachgebiet,Zürich,Bezirk Affoltern,43.96848843,43.72230428,42.93320426,46.80150517,46.66039511,36.71655753,36.71655753,49.2357573,49.14312182,62.24954463,62.34061931,64.71123238,64.57480673,64.62028195,55.9566787,55.86642599,53.95327943,53.9083558,44.13082437,43.63799283,43.8172043,45.75892857
Benken (ZH),Deutsches Sprachgebiet,Zürich,Bezirk Andelfingen,75.69060774,75.41436464,65.08379888,75.13227513,75.66137566,64.73684211,64.73684211,70.02583979,70.02583979,70.12345679,70.12345679,81.09452736,80.84577114,80.84577114,75.24509804,75.24509804,74.81662592,74.81662592,72.01946472,71.53284672,71.77615572,73.67149759
Berg am Irchel,Deutsches Sprachgebiet,Zürich,Bezirk Andelfingen,66.15969582,64.63878327,69.02985075,70.22058824,70.22058824,68.23104693,68.23104693,68.10035842,67.38351255,66.43109541,63.95759717,82.80701754,83.85964912,84.56140351,72.82229965,73.17073171,79.56989247,79.56989247,70.03484321,68.64111498,69.33797909,76.65505227
Buch am Irchel,Deutsches Sprachgebiet,Zürich,Bezirk Andelfingen,52.5477707,52.22929936,47.92332268,64.96815287,64.01273885,47.3015873,47.3015873,56.73076923,56.08974359,51.93548387,52.25806452,73.13915858,72.49190939,73.13915858,50.1607717,50.80385852,61.56351792,61.56351792,53.09446254,52.11726384,53.09446254,54.77707006
Dachsen,Deutsches Sprachgebiet,Zürich,Bezirk Andelfingen,62.8422425,62.32073012,57.48031496,66.53645833,66.66666667,57.32323232,57.32323232,61.21673004,61.21673004,57.08812261,56.96040869,73.48484849,73.48484849,73.35858586,68.29573935,67.79448622,67.90582404,67.90582404,62.18905473,61.69154229,62.31343284,63.39066339
Dorf,Deutsches Sprachgebiet,Zürich,Bezirk Andelfingen,59.13461539,57.21153846,62.78026906,71.68141593,71.68141593,56.08695652,56.08695652,70.25862069,71.12068966,65.16393443,65.16393443,76.42276423,76.42276423,77.64227642,60.91954023,61.68582376,73.46153846,73.07692308,58.49056604,56.98113208,58.49056604,66.41509434
Feuerthalen,Deutsches Sprachgebiet,Zürich,Bezirk Andelfingen,38.9709907,38.91625616,36.38356164,41.87845304,41.93370166,40.54809843,40.54809843,45.04201681,44.87394958,39.5297977,39.63914708,63.8215859,63.8215859,63.8215859,44.86187845,44.75138122,46.94551458,46.94551458,42.55672385,42.44604317,42.55672385,45.74763758
Flaach,Deutsches Sprachgebiet,Zürich,Bezirk Andelfingen,60,59.3220339,60.88435374,66.32996633,67.17171717,62.43739566,62.43739566,65.43624161,64.76510067,61.93656094,62.60434057,82.36272879,81.69717138,82.02995008,58.56443719,58.40130506,73.42995169,72.30273752,65.16853933,64.84751204,64.52648475,64.9122807
Flurlingen,Deutsches Sprachgebiet,Zürich,Bezirk Andelfingen,66.50717703,66.50717703,67.40858506,69.77848101,70.09493671,66.77067083,66.77067083,66.25766871,65.95092025,69.04761905,69.3452381,76.75438597,76.75438597,77.04678363,71.22302158,71.07913669,74.23398329,74.23398329,65.56927298,65.43209877,65.56927298,69.00420757
Henggart,Deutsches Sprachgebiet,Zürich,Bezirk Andelfingen,57.1875,57.1875,60.56338028,61.38147567,61.06750393,60.81504702,60.81504702,63.53677621,63.38028169,59.2476489,59.2476489,77.83018868,77.83018868,77.98742138,65.88419405,66.1971831,70.29548989,70.45101089,63.79044684,63.79044684,63.79044684,64.04320988
Kleinandelfingen,Deutsches Sprachgebiet,Zürich,Bezirk Andelfingen,43.15789474,42.69005848,51.98135198,57.42232451,57.42232451,43.50797267,43.50797267,50.56433409,50.45146727,49.4949495,49.4949495,71.20359955,71.54105737,71.31608549,55.48098434,55.36912752,57.41789355,57.41789355,54.56595265,54.34047351,54.56595265,59.5505618
Laufen-Uhwiesen,Deutsches Sprachgebiet,Zürich,Bezirk Andelfingen,46.94894147,46.82440847,48.84848485,49.64114833,49.88038278,46.48910412,46.48910412,52.03836931,51.558753,50.11904762,49.64285714,63.1391201,63.02021403,62.90130797,56.67447307,56.67447307,66.35622817,66.35622817,53.34101383,53.34101383,53.34101383,49.76905312
Marthalen,Deutsches Sprachgebiet,Zürich,Bezirk Andelfingen,41.01433297,41.01433297,42.07650273,51.38592751,51.06609808,39.07074974,39.07074974,48.89357218,49.10432034,59.24369748,59.45378151,64.958159,64.958159,65.16736402,51.46137787,51.46137787,61.92946058,61.82572614,46.74922601,46.54282766,46.74922601,66.12077789
Ossingen,Deutsches Sprachgebiet,Zürich,Bezirk Andelfingen,59.7133758,59.55414013,61.67192429,66.87797147,67.19492869,59.59438378,59.59438378,67.95069337,67.48844376,62.51851852,62.81481482,79.16041979,79.6101949,79.01049475,66.18287373,66.03773585,74.81910275,74.81910275,63.80813954,63.08139535,63.6627907,64.53488372
Rheinau,Deutsches Sprachgebiet,Zürich,Bezirk Andelfingen,44.41624366,44.16243655,46.73495519,53.6939314,53.56200528,46.23513871,46.23513871,49.08136483,49.08136483,59.55497382,60.07853403,63.69593709,63.95806029,63.95806029,52.88713911,52.75590551,57.32647815,57.19794345,49.48186529,49.35233161,49.35233161,56.65796345
Thalheim an der Thur,Deutsches Sprachgebiet,Zürich,Bezirk Andelfingen,63.58208955,63.28358209,65.58823529,69.32153392,68.43657817,61.17647059,61.17647059,63.55685131,64.13994169,66.09195402,66.37931035,81.42857143,80.85714286,80.85714286,67.53623188,67.82608696,71.71428571,71.71428571,60.79545455,60.22727273,61.36363636,63.35227273
Trüllikon,Deutsches Sprachgebiet,Zürich,Bezirk Andelfingen,62.77128548,62.60434057,56.8369028,58.88157895,58.88157895,50.08210181,50.08210181,53.10457516,52.94117647,59.01639344,59.01639344,67.42301459,67.42301459,67.7471637,50.32467533,49.83766234,60.86261981,61.02236422,52.63975155,52.48447205,52.79503106,56.11620795
Truttikon,Deutsches Sprachgebiet,Zürich,Bezirk Andelfingen,69.77777778,70.22222222,61.66666667,65.72580645,67.33870968,60.90534979,60.90534979,67.5,66.66666667,67.68060837,67.68060837,83.26693227,83.26693227,82.8685259,70.8,70.4,75.20325203,74.79674797,73.09236948,72.69076305,73.09236948,72.95081967
Volken,Deutsches Sprachgebiet,Zürich,Bezirk Andelfingen,55.3030303,55.3030303,62.40601504,77.37226277,78.10218978,57.34265734,57.34265734,73.79310345,73.79310345,60.52631579,61.18421053,79.48717949,78.84615385,78.84615385,75.81699346,75.81699346,78.34394905,78.34394905,66.4516129,63.87096774,65.80645161,74.17218543
Bachenbülach,Deutsches Sprachgebiet,Zürich,Bezirk Bülach,30.35460993,30.35460993,32.13773314,35.15625,35.15625,27.80487805,27.80487805,31.36300417,31.36300417,36.07017544,36.21052632,55.52505148,55.52505148,55.38778312,42.78879016,42.72043746,41.46174863,41.39344262,36.64122137,36.36363636,36.64122137,42.96551724
Bassersdorf,Deutsches Sprachgebiet,Zürich,Bezirk Bülach,31.03980253,30.88552916,42.09074188,40.12623986,40.12623986,31.90984579,31.90984579,33.17591499,32.96930342,38.84204609,39.01068016,54.07202216,53.90581718,54.0166205,44.64188081,44.75123018,52.33324545,52.49143158,33.65087539,33.49639547,33.54788877,36.52770717
Bülach,Deutsches Sprachgebiet,Zürich,Bezirk Bülach,48.71284312,48.32882947,38.36547801,43.06122449,43.00680272,38.44915482,38.44915482,37.85341016,37.74621466,49.51326844,49.819976,58.31344471,58.31344471,57.46486343,46.15792263,46.06518283,51.03133159,50.88772846,39.8075923,39.59958398,39.82059282,49.08078716
Dietlikon,Deutsches Sprachgebiet,Zürich,Bezirk Bülach,33.16864295,32.87220026,38.07354377,38.10444874,38.10444874,30.41139241,30.41139241,34.51856514,34.39269981,36.92307692,36.98461539,53.59317905,53.56272838,53.4409257,43.35961189,43.11704063,43.47955834,43.39003283,31.94240376,31.85424625,31.91301793,35.54269175
Eglisau,Deutsches Sprachgebiet,Zürich,Bezirk Bülach,43.81806534,43.81806534,51.4619883,49.74554707,49.74554707,60.22584693,60.22584693,48.23455233,48.10844893,44.4375,44.5625,77.35495945,77.47972552,77.16781036,50.34396498,46.77923702,56.24219725,56.3670412,47.51861042,47.3325062,47.3325062,82.4432167
Embrach,Deutsches Sprachgebiet,Zürich,Bezirk Bülach,29.80012114,29.64869776,29.96742671,37.56970942,37.51100675,25.7672264,25.7672264,30.03725996,29.97993695,33.80992431,33.86599383,55.68627451,55.6302521,55.43417367,35.13286713,35.13286713,43.52030948,43.46504559,30.32650802,30.21582734,30.32650802,38.7434555
Freienstein-Teufen,Deutsches Sprachgebiet,Zürich,Bezirk Bülach,49.20454546,48.86363636,48.34437086,51.23318386,51.4573991,49.23747277,49.23747277,55.09761388,54.12147505,55.22703274,55.64941922,74.15611814,74.36708861,73.83966245,52.21052632,51.68421053,61.32478633,61.11111111,52.1601686,51.73867229,51.94942044,59.35550936
Glattfelden,Deutsches Sprachgebiet,Zürich,Bezirk Bülach,36.54990086,36.54990086,35.49443353,41.47909968,41.47909968,35.23447402,35.23447402,38.43730309,38.626339,42.41099313,42.47345409,59.1163659,58.92968264,58.99191039,45.59457794,45.65619224,51.54511743,51.60692213,43.33936106,43.15852923,43.27908379,51.22828041
Hochfelden,Deutsches Sprachgebiet,Zürich,Bezirk Bülach,36.68528864,36.12662942,36.46616541,39.25233645,39.25233645,40.25974026,40.25974026,38.58998145,38.58998145,41.81494662,42.17081851,64.13043478,64.49275362,63.76811594,47.31977819,46.58040665,44.25925926,44.25925926,37.13768116,36.95652174,37.13768116,50
Höri,Deutsches Sprachgebiet,Zürich,Bezirk Bülach,33.2963374,33.18534961,29.35267857,37.44394619,37.33183857,31.86936937,31.86936937,37.05357143,36.71875,37.5,37.93478261,51.89189189,52,51.56756757,36.25,36.25,38.01652893,37.80991736,31.66666667,31.5625,31.5625,39.00414938
Hüntwangen,Deutsches Sprachgebiet,Zürich,Bezirk Bülach,41.81818182,41.59090909,45.41387025,41.46341463,41.24168514,34.66666667,34.66666667,44.56762749,44.12416851,44.22222222,44.66666667,68.03455724,68.03455724,68.03455724,51.59914712,51.38592751,50.95541401,50.95541401,40.33613445,40.12605042,40.75630252,71.61016949
Kloten,Deutsches Sprachgebiet,Zürich,Bezirk Bülach,38.50049543,38.03809314,31.20488617,34.15388012,34.03245391,26.91033569,26.91033569,30.11902138,29.9977959,35.46613896,35.60905893,47.36842105,47.39035088,47.29166667,39.96262093,39.72075638,38.92346326,38.85795393,29.6276073,29.47471879,29.57300426,34.37263998
Lufingen,Deutsches Sprachgebiet,Zürich,Bezirk Bülach,51.52173913,51.08695652,54.09482759,58.78661088,59.20502092,50.20080321,50.20080321,54.32595573,53.92354125,55.09803922,55.29411765,72.95719844,72.95719844,73.15175097,59.5505618,59.36329588,62.7340824,62.7340824,50.72992701,51.09489051,51.09489051,55.81818182
Nürensdorf,Deutsches Sprachgebiet,Zürich,Bezirk Bülach,36.87872763,36.53081511,35.65259117,42.0754717,41.93396226,30.64066852,30.64066852,32.53456221,32.25806452,38.02382003,38.24437583,57.79049296,57.83450704,57.87852113,49.91349481,50.12975779,49.54288202,49.45581193,36.40331733,36.22872108,36.22872108,42.08695652
Oberembrach,Deutsches Sprachgebiet,Zürich,Bezirk Bülach,57.08502024,56.27530364,54.62365591,58.90688259,57.48987854,51.4,51.4,54.40313112,53.81604697,57.05996132,57.05996132,75.93688363,75.73964497,75.93688363,57.19921105,57.00197239,63.75968992,64.34108527,50.28790787,49.90403071,50.09596929,56.69902913
Opfikon,Deutsches Sprachgebiet,Zürich,Bezirk Bülach,31.38194341,31.05255278,33.28836931,34.50598802,34.50598802,34.77935677,34.77935677,29.36436885,29.33452701,34.4326188,34.46259931,45.26205136,45.17194774,45.20198228,45.35388299,45.17432291,38.61254613,38.53874539,30.44493071,30.31363968,30.44493071,34.94584838
Rafz,Deutsches Sprachgebiet,Zürich,Bezirk Bülach,42.64285714,42.57142857,42.98801973,42.70687237,42.70687237,40.46121593,40.46121593,45.50561798,45.85674157,44.87972509,44.87972509,67.73533424,67.3260573,67.87175989,51.56675749,51.63487738,52.80974949,52.8774543,46.64861205,45.42992553,46.64861205,63.97557666
Rorbas,Deutsches Sprachgebiet,Zürich,Bezirk Bülach,32.93807642,32.5428195,32.90653009,38.75476493,38.88182973,33.03571429,33.03571429,40.96692112,40.96692112,42.25181598,42.61501211,63.3213859,63.20191159,62.84348865,45.01187649,45.48693587,48.44868735,48.56801909,42.53285544,41.93548387,42.29390681,49.34289128
Wallisellen,Deutsches Sprachgebiet,Zürich,Bezirk Bülach,53.99887356,53.71726274,42.66518908,41.78814383,41.60766347,36.02458444,36.02458444,39.79662906,39.69912244,40.95092025,41.04852203,57.22849575,57.1169664,57.32608393,48.32983927,48.27393431,47.59395368,47.52461517,38.62126246,38.12292359,38.48283499,38.34254144
Wasterkingen,Deutsches Sprachgebiet,Zürich,Bezirk Bülach,46.11872146,46.11872146,49.08256881,45.2991453,44.01709402,42.2907489,42.2907489,54.27350427,53.41880342,54.50819672,55.32786885,72.13114754,72.13114754,72.54098361,52.61044177,51.40562249,63.671875,63.671875,51.9379845,50.7751938,51.1627907,68
Wil (ZH),Deutsches Sprachgebiet,Zürich,Bezirk Bülach,60.19417476,58.89967638,41.78403756,41.01382489,41.01382489,40.7239819,40.7239819,42.42878561,41.9790105,48.09941521,48.24561404,64.18128655,66.66666667,65.93567252,50.6512301,50.5065123,59.9137931,59.1954023,44.20600858,43.34763949,43.91988555,65.75931232
Winkel,Deutsches Sprachgebiet,Zürich,Bezirk Bülach,40.08163265,40.16326531,37.12,43.28832407,43.20889595,35.8044164,35.8044164,41.875,41.5625,52.70897833,52.94117647,58.74613003,58.74613003,58.59133127,53.93430099,53.8579068,50.18726592,50.11235955,43.23308271,43.15789474,43.23308271,67.02047005
Bachs,Deutsches Sprachgebiet,Zürich,Bezirk Dielsdorf,65.50522648,64.45993031,50.15873016,53.33333333,53.96825397,52.59938838,52.59938838,48.46625767,48.46625767,38.78787879,38.78787879,80.29411765,80.58823529,80.58823529,57.94117647,57.94117647,63.1884058,63.47826087,57.95454546,57.95454546,57.95454546,64.58923513
Boppelsen,Deutsches Sprachgebiet,Zürich,Bezirk Dielsdorf,40.88888889,40.22222222,33.91684902,47.59825328,47.59825328,32.61339093,32.61339093,39.06581741,39.06581741,39.958159,39.74895398,64.30062631,64.30062631,64.30062631,47.59916493,47.39039666,57.73195876,57.31958763,40.12219959,39.10386965,39.71486762,42.57028112
Buchs (ZH),Deutsches Sprachgebiet,Zürich,Bezirk Dielsdorf,29.75133215,30.9946714,34.18054338,41.84027778,41.84027778,27.20763723,27.20763723,33.87215283,33.72520206,32.7489042,32.93675642,50.8125,50.9375,50.6875,36.57492355,36.39143731,39.01098901,38.94993895,28.67783985,28.7399131,28.67783985,28.46199175
Dällikon,Deutsches Sprachgebiet,Zürich,Bezirk Dielsdorf,24.50424929,24.36260623,25.44045102,32.68156425,32.89106145,25.58139535,25.58139535,28.59135286,28.59135286,31.15093039,31.63335631,51.00207326,51.00207326,50.58742225,34.90631506,34.6981263,33.76801647,33.83665065,28.64976011,28.51267992,28.71830021,26.72064777
Dänikon,Deutsches Sprachgebiet,Zürich,Bezirk Dielsdorf,35.43165468,35.43165468,31.38297872,42.75979557,42.41908007,32.49158249,32.49158249,37.07482993,37.41496599,40.24604569,40.24604569,52.70506108,53.05410122,52.18150087,40.94903339,41.12478032,44.16961131,44.16961131,32.21238938,31.68141593,32.03539823,39.39393939
Dielsdorf,Deutsches Sprachgebiet,Zürich,Bezirk Dielsdorf,38.40648855,38.35877863,30.49411765,35.25763359,35.16221374,28.61826698,28.61826698,31.14905399,31.10290725,37.91554358,38.18508536,49.26350246,49.5908347,49.34533552,40.15017668,40.19434629,45.60943644,45.60943644,35.27114968,35.05422994,35.44468547,38.22393822
Hüttikon,Deutsches Sprachgebiet,Zürich,Bezirk Dielsdorf,38.66666667,37.77777778,39.9103139,42.92035398,42.92035398,38.26086957,38.26086957,41.73913044,42.17391304,48.34710744,48.76033058,60.99585062,60.99585062,60.99585062,56.01659751,56.01659751,55.18672199,55.60165975,41.07883817,40.66390042,41.07883817,47.5
Neerach,Deutsches Sprachgebiet,Zürich,Bezirk Dielsdorf,44.96124031,45.47803618,40.81381011,41.83313749,41.9506463,32.69012486,32.69012486,39.35340022,39.57636566,37.43427971,37.74973712,59.83263598,60.041841,60.14644352,47.12525667,47.02258727,46.0593654,46.0593654,34.97983871,34.87903226,34.97983871,42.64560711
Niederglatt,Deutsches Sprachgebiet,Zürich,Bezirk Dielsdorf,33.31441544,32.86038593,29.87438558,35.41887593,35.41887593,27.49340369,27.49340369,34.39958049,34.13738857,33.67556468,34.1889117,51.4518594,51.29903209,51.40091696,39.91008991,39.76023976,40.49875312,40.44887781,30.89267803,30.89267803,30.79237713,36.47767185
Niederhasli,Deutsches Sprachgebiet,Zürich,Bezirk Dielsdorf,32.62697612,32.15607131,29.65447836,34.52420701,34.22370618,25.35947712,25.35947712,33.22517846,33.03049968,34.21387651,34.56397199,52.48653785,52.39151093,52.35983529,40.55328513,40.39610186,41.45500157,41.48635936,31.07520199,30.85767558,30.95090118,37.596302
Niederweningen,Deutsches Sprachgebiet,Zürich,Bezirk Dielsdorf,58.62977602,58.2345191,53.39308579,61.91082803,63.31210191,57.6142132,57.6142132,59.27318296,58.89724311,55.92814371,56.40718563,73.54312354,73.54312354,73.65967366,63.44586729,62.86379511,65.81986143,65.58891455,59.35706085,59.12743972,58.66819747,58.20895522
Oberglatt,Deutsches Sprachgebiet,Zürich,Bezirk Dielsdorf,31.99300699,31.81818182,27.17013889,31.58557047,31.58557047,23.06397306,23.06397306,37.63575606,37.46867168,32.69391159,32.73561301,45.21232306,44.92089925,45.08742714,31.67986661,31.59649854,34.21828909,33.45975558,26.43968054,26.18747373,26.56578394,33.4317032
Oberweningen,Deutsches Sprachgebiet,Zürich,Bezirk Dielsdorf,53.24074074,53.24074074,46.08294931,51.91489362,52.12765957,40.43010753,40.43010753,48.10126582,49.78902954,54.35684647,53.94190871,73.95833333,75,74.375,53.7037037,53.49794239,56.6,57.2,50.29821074,50.09940358,49.90059642,51.35135135
Otelfingen,Deutsches Sprachgebiet,Zürich,Bezirk Dielsdorf,45.23809524,44.73684211,35.9223301,42.55319149,42.55319149,31.64835165,31.64835165,36.98030635,36.76148797,40.25289779,40.35827187,61.16303219,61.16303219,61.05919003,39.91853361,39.51120163,49.84863774,49.84863774,43.22968907,42.92878636,43.12938816,40.71499504
Regensberg,Deutsches Sprachgebiet,Zürich,Bezirk Dielsdorf,57.14285714,57.40740741,50.2631579,54.21052632,54.21052632,40.63324538,40.63324538,45.38461539,45.38461539,53.03430079,53.29815303,68.86543536,69.1292876,68.86543536,57.63157895,57.63157895,60.10638298,60.10638298,58.33333333,58.60215054,58.60215054,53.96825397
Regensdorf,Deutsches Sprachgebiet,Zürich,Bezirk Dielsdorf,29.9366809,29.78942718,27.54194019,35.99415205,35.90643275,25.1214128,25.1214128,28.88530834,28.9292515,34.83195111,34.94834861,45.70227569,45.70227569,45.571822,37.16929305,37.16929305,41.44347336,41.9086552,28.08564232,28.04366079,28.02966695,30.12098456
Rümlang,Deutsches Sprachgebiet,Zürich,Bezirk Dielsdorf,30.45734674,30.4249108,30.94027954,34.58646617,34.4924812,27.82608696,27.82608696,45.60810811,45.33169533,36.07418856,36.41421947,48.11175929,48.11175929,47.77402518,39.83990148,39.74753695,39.4963145,39.34275184,30.35491905,30.1369863,30.23038605,36
Schleinikon,Deutsches Sprachgebiet,Zürich,Bezirk Dielsdorf,62.37288136,62.03389831,48.35526316,57.37179487,57.69230769,46.81528662,46.81528662,53.05466238,53.37620579,55.82822086,55.52147239,78.05642633,78.05642633,78.05642633,59.93883792,59.93883792,63.25301205,64.45783133,48.17073171,46.95121951,47.86585366,51.68195719
Schöfflisdorf,Deutsches Sprachgebiet,Zürich,Bezirk Dielsdorf,60.80760095,59.85748219,49.65034965,51.79372197,52.24215247,36.40350877,36.40350877,42.51626898,42.73318872,46.58385093,46.79089027,68.29268293,68.49593496,68.49593496,50.30549898,50.71283096,51.32924335,50.9202454,40.68825911,40.48582996,40.68825911,46.47887324
Stadel,Deutsches Sprachgebiet,Zürich,Bezirk Dielsdorf,52.9685681,52.27008149,46.88221709,53.22580645,52.76497696,48.02259887,48.02259887,49.10714286,47.99107143,48.35526316,48.5745614,68.50053937,68.60841424,68.06903991,54.72689076,54.72689076,56.93121693,56.50793651,41.13989637,40.20725389,40.51813472,47.01030928
Steinmaur,Deutsches Sprachgebiet,Zürich,Bezirk Dielsdorf,57.49440716,56.2266965,32.8011611,38.05436338,37.98283262,27.77385159,27.77385159,33.26241135,32.62411348,35.82491583,35.95959596,53.31103679,53.31103679,53.17725753,37.90163934,37.63934426,46.90150033,46.57534247,32.77527366,32.19575016,32.77527366,37.30208993
Weiach,Deutsches Sprachgebiet,Zürich,Bezirk Dielsdorf,41.40271493,41.40271493,40.31531532,39.27765237,40.18058691,33.99122807,33.99122807,46.81318681,47.03296703,42.73318872,41.86550976,63.21585903,63.21585903,62.99559471,48.15618221,48.59002169,55.64853557,55.64853557,42.7672956,42.55765199,42.7672956,49.68152866
Bäretswil,Deutsches Sprachgebiet,Zürich,Bezirk Hinwil,35.53507425,35.02304148,35.71077226,43.14769976,42.71186441,33.46135382,33.46135382,35.79952267,35.4653938,36.25405656,37.36671303,57.41935484,57.78801843,57.46543779,43.55939918,43.83249886,49.88854213,49.66562639,36.62533215,36.22674934,36.58104517,39.38053097
Bubikon,Deutsches Sprachgebiet,Zürich,Bezirk Hinwil,38.17005545,38.17005545,42.3059668,46.21145374,46.34361234,38.73330461,38.73330461,43.95368782,43.82504288,42.04498978,42.16768916,61.08174055,61.08174055,61.00040667,49.17037637,49.08943748,51.08,51.16,40.79681275,40.83665339,40.9561753,39.38791733
Dürnten,Deutsches Sprachgebiet,Zürich,Bezirk Hinwil,34.15424498,34.08943616,36.00902644,43.06915062,43.19545311,31.52070819,31.52070819,37.89147287,37.89147287,39.44869832,39.60183767,55.93272171,55.96330275,55.90214067,41.2877632,41.16570034,43.13186813,43.04029304,36.62702043,36.47453492,36.50503202,38.88043809
Fischenthal,Deutsches Sprachgebiet,Zürich,Bezirk Hinwil,41.72736733,42.45577523,42.50513347,49.01960784,49.53560372,37.14574899,37.14574899,48.9318413,49.0335707,40.89521872,41.91251272,62.20871327,62.20871327,62.20871327,50.25536262,50.86823289,47.7295661,47.62865792,42.02020202,41.91919192,42.12121212,42.21770092
Gossau (ZH),Deutsches Sprachgebiet,Zürich,Bezirk Hinwil,35.26220615,35.02970809,38.72045221,49.36515998,49.18740477,36.02719033,36.02719033,38.88063398,39.07875186,41.30171788,41.44689088,58.02171291,57.973462,58.09408926,46.41833811,46.13180516,47.41562426,46.99079537,37.42417172,36.77088194,37.12085861,38.65740741
Grüningen,Deutsches Sprachgebiet,Zürich,Bezirk Hinwil,36.83409437,36.52968037,37.06189411,50.84870849,51.14391144,36.02347762,36.02347762,42.7631579,42.39766082,42.25759769,42.40231549,69.19739696,69.19739696,68.83586406,52.55579554,52.41180706,51.90510424,52.26455787,42.13523132,41.92170819,42.13523132,42.01561391
Hinwil,Deutsches Sprachgebiet,Zürich,Bezirk Hinwil,35.5152027,35.13513514,39.10777569,42.48472505,42.52545825,34.26278837,34.26278837,38.81076738,38.65006027,43.77581121,44.09046214,57.20100795,57.25915875,57.25915875,45.87439614,45.75845411,46.35043562,46.35043562,38.2613724,37.72166538,37.95296839,40.75289575
Rüti (ZH),Deutsches Sprachgebiet,Zürich,Bezirk Hinwil,36.67323893,36.35060047,38.36633663,46.57824934,46.5959328,35.70302924,35.70302924,41.62604457,41.55640669,40.50480769,40.81387363,60.02405085,60.02405085,59.88661742,47.03652653,46.76085458,46.47694154,46.30550317,39.49837912,38.28698174,39.24245009,42.10348326
Seegräben,Deutsches Sprachgebiet,Zürich,Bezirk Hinwil,63.87520526,63.38259442,62.70358306,70.71547421,70.71547421,60.13289037,60.13289037,64.70588235,64.53781513,63.98026316,63.98026316,74.54545455,74.21487603,73.55371901,74.03846154,73.87820513,69.52380952,69.52380952,72.03252033,71.54471545,71.8699187,69.98394864
Wald (ZH),Deutsches Sprachgebiet,Zürich,Bezirk Hinwil,34.41162682,34.31786217,36.32339236,48.55022037,48.59661332,36.84210526,36.84210526,52.78095674,52.55207141,39.77455717,39.86657465,58.84501255,58.95914175,58.54827665,46.31769771,46.34035803,43.7752809,43.5505618,39.63154347,39.60907661,39.65401034,38.92228902
Wetzikon (ZH),Deutsches Sprachgebiet,Zürich,Bezirk Hinwil,33.85896724,33.72570794,40.01996008,46.1902144,46.26717977,32.54624592,32.54624592,37.40823492,37.29120119,38.5952283,38.71863431,50.24549918,50.21481178,50.0306874,42.30023472,42.05531177,40.44489383,40.72800809,34.09571788,33.80352645,34.22670025,33.20277192
Adliswil,Deutsches Sprachgebiet,Zürich,Bezirk Horgen,33.03465932,32.82788499,33.33333333,36.30987581,41.09994086,31.80791515,31.80791515,43.55059699,43.30593071,40.60854301,40.76457968,53.92680322,53.98505,54.09183574,43.19829837,42.956589,41.83761919,41.86651257,35.59714451,35.52961605,35.60679143,33.84734002
Kilchberg (ZH),Deutsches Sprachgebiet,Zürich,Bezirk Horgen,42.06349206,41.77859178,46.18211515,48.00564061,47.80419017,46.55764183,46.55764183,42.13709677,42.19758065,46.65042631,46.75192854,58.23708207,58.07497467,57.83181358,58.71466341,58.87736425,53.38742394,53.20486815,50.24164317,50.24164317,50.34232783,44.12238325
Langnau am Albis,Deutsches Sprachgebiet,Zürich,Bezirk Horgen,41.17217899,41.09922179,45.45234053,42.66634289,42.52064109,34.78472391,34.78472391,49.76924945,49.35632742,47.31707317,47.63414634,59.67937819,59.75224678,59.77653631,50.72604066,50.50822846,45.69027611,45.57022809,44.62790141,44.31682221,44.53218473,39.01515152
Oberrieden,Deutsches Sprachgebiet,Zürich,Bezirk Horgen,42.49722119,42.23786588,43.70860927,48.78587197,48.56512141,64.08014572,64.08014572,47.31104651,47.05668605,53.49587666,53.74686268,67.36386585,67.18355572,67.4359899,56.36623748,56.04434907,57.06657173,56.95977216,45.70007107,47.47690121,47.3702914,45.95076704
Richterswil,Deutsches Sprachgebiet,Zürich,Bezirk Horgen,36.64572625,36.87416714,44.16619237,42.01696513,41.22525919,41.16318464,41.16318464,38.2544104,38.36583101,46.49553978,46.58656472,60.39115335,60.44598794,60.50082252,47.6459854,47.51824818,49.65666787,49.78315866,41.92045862,41.75922608,41.92045862,39.13974656
Rüschlikon,Deutsches Sprachgebiet,Zürich,Bezirk Horgen,48.22026164,48.06814725,51.06510651,49.61054524,49.490713,45.42179526,45.42179526,45.52261156,45.4327643,48.87690925,48.84696017,61.71428571,61.62406015,61.7443609,60.78725962,60.51682692,54.85714286,54.94736842,48.14926271,47.78814324,47.87842311,44.41105769
Thalwil,Deutsches Sprachgebiet,Zürich,Bezirk Horgen,37.62485018,37.49500599,37.81168961,43.32140728,43.29159213,37.70215299,37.70215299,39.76261128,39.58456973,42.64909847,42.76798098,56.25,56.27966772,56.16099684,54.44301671,54.21567658,46.51848938,46.49881983,41.87899656,41.71175603,41.82980817,38.71441151
Erlenbach (ZH),Deutsches Sprachgebiet,Zürich,Bezirk Meilen,49.10994764,48.97033159,47.56437022,53.34488735,53.03292894,41.95223261,41.95223261,44.90291262,44.59084605,46.20951068,46.41626465,61.60990712,61.05951152,61.47230822,59.24528302,59.2109777,54.42735043,54.25641026,47.41557547,46.79531358,47.38111647,45.51041311
Herrliberg,Deutsches Sprachgebiet,Zürich,Bezirk Meilen,48.51346625,48.65337531,43.76740947,49.27884615,49.00412088,38.91478029,38.91478029,40.72113794,40.62189878,42.75549806,43.07891333,59.16450777,59.22927461,59.16450777,57.25040917,57.11947627,52.51378527,52.48134934,44.74959612,44.65266559,44.62035541,41.10169492
Hombrechtikon,Deutsches Sprachgebiet,Zürich,Bezirk Meilen,48.43234323,48.26732673,37.63179238,46.32174616,46.75289679,39.71725794,39.71725794,40.8970276,40.8970276,40.29333333,41.78666667,58.08842997,58.14138205,58.16785809,45.54973822,45.70680628,54.25531915,54.17747795,40.01015486,39.37547601,40.03554202,39.67046895
Küsnacht (ZH),Deutsches Sprachgebiet,Zürich,Bezirk Meilen,54.98680133,54.91793871,50.78205275,54.31230141,54.26690876,43.84414996,43.84414996,45.94072897,45.82718292,50.20261144,50.31517335,64.74893042,64.59130826,64.76018915,61.03265168,60.73889956,57.56449251,57.53069731,55.88136165,55.72407595,55.88136165,48.32320504
Männedorf,Deutsches Sprachgebiet,Zürich,Bezirk Meilen,49.33389723,49.18587439,49.03563941,55.11778195,55.18032103,44.34710054,44.34710054,43.11757476,42.99467431,48.38644205,48.6502943,63.51324035,63.47281181,63.51324035,55.13961959,55.20032376,54.69602101,54.73641689,48.99152884,48.81000403,49.01169827,47.35139507
Meilen,Deutsches Sprachgebiet,Zürich,Bezirk Meilen,50.39393055,50.20426029,48.13524888,52.07649493,51.99086628,39.62450593,39.62450593,42.48421053,42.55438597,45.59291546,45.73128546,66.13579212,65.95417714,65.95417714,55.72339246,55.61252772,56.36740332,56.3121547,47.48310578,47.30382016,47.49689698,43.49385953
Oetwil am See,Deutsches Sprachgebiet,Zürich,Bezirk Meilen,35.92964824,34.17085427,30.71161049,41.31627057,41.62096283,29.48255114,29.48255114,30.68459658,30.62347188,34.13030484,34.13030484,51.63011263,51.63011263,51.63011263,39.82608696,39.76811594,42.70361991,42.42081448,31.8921954,31.44300955,31.8921954,34.53837597
Stäfa,Deutsches Sprachgebiet,Zürich,Bezirk Meilen,44.9218157,44.70927585,40.90295485,47.5977986,47.76141604,36.30978824,36.30978824,39.37647754,39.37647754,42.19544069,42.18092058,59.77492425,59.77492425,59.78935219,48.70981692,48.4070924,49.48810382,49.40158616,44.19713832,43.87917329,44.08151467,46.65030321
Uetikon am See,Deutsches Sprachgebiet,Zürich,Bezirk Meilen,50.5752416,50.29912563,49.35125116,52.45143386,52.59019427,42.11485871,42.11485871,47.36363636,47.40909091,47.79510022,47.88418708,65.80357143,65.80357143,65.80357143,54.23576871,54.14612282,52.92802861,52.92802861,47.11111111,46.88888889,47.2,46.54945055
Zumikon,Deutsches Sprachgebiet,Zürich,Bezirk Meilen,51.66025865,51.45054177,50.74368731,53.83029887,53.45242185,45.21885522,45.21885522,46.26075447,46.3269358,48.95424837,49.01960784,62.65139116,62.61865794,62.61865794,62.32451845,61.90009794,58.73739017,58.86755613,60.30460143,60.07777058,60.46662346,50.47401112
Zollikon,Deutsches Sprachgebiet,Zürich,Bezirk Meilen,48.07465155,47.85022443,42.77401734,47.80337212,47.60151983,42.95716151,42.95716151,41.94043961,41.89316946,44.64974857,44.68483218,60.34886444,60.23179583,59.81034886,56.38072856,56.0987074,53.13570332,53.15932444,45.06442842,44.69795484,45.00531978,54.5217803
Fehraltorf,Deutsches Sprachgebiet,Zürich,Bezirk Pfäffikon,43.34908845,43.01147873,40.79207921,45.26627219,45.20710059,33.90964863,33.90964863,39.57539467,39.73870441,39.0625,39.42708333,61.82008368,61.82008368,61.82008368,49.94855967,49.74279835,48.05924413,47.65066394,44.35401831,44.25228891,44.40488301,40.39634146
Hittnau,Deutsches Sprachgebiet,Zürich,Bezirk Pfäffikon,38.16371681,38.05309735,35.83690987,44.527897,44.63519313,37.56670224,37.56670224,41.89473684,41.57894737,38.05668016,37.75303644,62.46246246,62.36236236,62.26226226,46.692607,46.40077821,35.40076336,35.20992366,38.20224719,38.29588015,38.38951311,41.45658263
Lindau,Deutsches Sprachgebiet,Zürich,Bezirk Pfäffikon,43.17925592,43.06651635,42.33825199,49.464185,49.52058658,38.60438942,38.60438942,48.45070423,48.22535211,47.04899777,46.99331849,62.84760845,62.84760845,62.90322581,57.64508929,57.36607143,57.69230769,57.35785953,49.0022173,49.11308204,49.27937916,48.06415929
Pfäffikon,Deutsches Sprachgebiet,Zürich,Bezirk Pfäffikon,41.97910264,42.40934235,41.24489796,46.88995215,46.83014354,37.87998421,37.87998421,44.6875616,44.39187857,45.0877193,44.75633528,59.49980613,59.55796821,59.71306708,49.74932511,49.57578095,49.07692308,49.01923077,41.99500288,41.55295022,41.93734384,42.62169414
Russikon,Deutsches Sprachgebiet,Zürich,Bezirk Pfäffikon,39.59810875,39.42080378,38.89528193,55.78769057,55.39243365,36.18458075,36.18458075,41.40798226,40.96452328,42.91005291,43.17460318,64.51784763,64.41129462,64.51784763,51.73703902,51.68359166,55.12820513,54.96794872,44.47410571,44.04698345,44.2071543,44.0570523
Weisslingen,Deutsches Sprachgebiet,Zürich,Bezirk Pfäffikon,41.58415842,41.66666667,44.35351882,48.10231023,48.01980198,37.48974569,37.48974569,43.21895425,43.38235294,43.05993691,43.9274448,64.54402516,64.77987421,64.70125786,51.61544523,51.61544523,53.50669819,53.50669819,43.55345912,43.08176101,43.31761006,45.16380655
Wila,Deutsches Sprachgebiet,Zürich,Bezirk Pfäffikon,50.71258907,50.83135392,49.70131422,56.22775801,55.39739027,46.21559633,46.21559633,57.01149425,56.7816092,56.24296963,56.01799775,69.81981982,69.70720721,70.4954955,57.80022447,57.80022447,57.35294118,57.35294118,54.29864253,54.07239819,54.29864253,54.45321308
Wildberg,Deutsches Sprachgebiet,Zürich,Bezirk Pfäffikon,57.79816514,57.56880734,63.09794989,67.88154898,68.33712984,64.67889908,64.67889908,67.66743649,67.20554273,64.46469248,65.37585421,81.00686499,81.00686499,80.77803204,66.51480638,66.74259681,74.61024499,74.61024499,67.72009029,67.72009029,68.17155756,64.65324385
Dübendorf,Deutsches Sprachgebiet,Zürich,Bezirk Uster,31.46956952,31.52729672,44.29130648,36.49227784,36.38715938,35.17952021,35.17952021,38.15477133,37.99651844,39.34983786,39.57921379,52.18042741,52.36968693,52.33814368,43.61693708,43.37950139,42.08134159,42.1440326,48.22014052,47.86885246,48.06401249,36.01127555
Egg,Deutsches Sprachgebiet,Zürich,Bezirk Uster,35.5605889,35.0792752,32.9661017,48.4510187,48.22774212,28.89378096,28.89378096,35.90447433,35.84957453,41.00054377,41.16367591,59.72972973,59.78378378,59.67567568,46.63967611,46.45074224,48.1293426,48.18278995,37.68387269,37.57689222,37.71061781,39.31510486
Fällanden,Deutsches Sprachgebiet,Zürich,Bezirk Uster,35.4856981,35.2308128,33.34268875,41.82229768,41.62422185,28.03009944,28.03009944,34.94363929,34.86312399,41.42664872,41.58815612,55.16224189,55.24269241,55.21587557,49.0738255,48.88590604,45.17521585,45.55611986,32.06974981,31.84230478,32.06974981,33.52601156
Greifensee,Deutsches Sprachgebiet,Zürich,Bezirk Uster,37.28304406,37.14953271,38.72053872,43.44919786,43.48262032,32.12383489,32.12383489,36.98675497,37.05298013,44.42601194,44.39283344,56.84976837,56.94904037,56.88285903,50.29880478,50.16600266,47.95109055,48.0171844,38.63487916,38.24297845,38.79817113,42.2677063
Maur,Deutsches Sprachgebiet,Zürich,Bezirk Uster,52.65141996,52.47549636,49.54196583,49.83050848,49.6125908,36.45308375,36.45308375,44.92719026,44.44974934,47.24759897,47.4115718,62.12865497,62.40935673,62.1754386,61.30841122,60.70093458,54.05968078,54.03654869,40.34117105,40.59474412,39.94928539,42.60151411
Mönchaltorf,Deutsches Sprachgebiet,Zürich,Bezirk Uster,45.89316485,45.83572659,46.91075515,56.34920635,56.23582766,44.91478835,44.91478835,52.22520107,51.84986595,50.26096033,50.6263048,65.17671518,65.17671518,65.12474013,53.36112559,53.41323606,53.00829876,52.8526971,43.7434828,43.32638165,43.43065693,44.68412943
Schwerzenbach,Deutsches Sprachgebiet,Zürich,Bezirk Uster,42.28228228,41.62162162,48.57489388,45.06957048,44.82758621,38.03827751,38.03827751,43.26579261,42.84862932,43.96248535,44.02110199,59.39499709,59.33682374,59.10413031,51.34345794,51.05140187,49.45244957,49.74063401,39.87305251,39.81534911,39.98845932,41.15606936
Uster,Deutsches Sprachgebiet,Zürich,Bezirk Uster,48.01748832,47.70088949,48.87363867,51.89329381,51.93775472,36.14298323,36.14298323,41.27228704,41.03015628,48.21959533,48.47342084,58.57493149,59.30333189,59.89470648,52.43893704,52.33865769,47.8609436,47.74742817,42.54432436,42.02161475,42.48781522,47.03476483
Volketswil,Deutsches Sprachgebiet,Zürich,Bezirk Uster,30.4268181,30.31690786,30.99837516,37.18601792,37.37923766,27.78556412,27.78556412,33.61227336,33.43793584,35.66552901,35.88737201,55.3559322,55.33898305,55.23728814,38.29787234,38.17966903,41.71399933,41.61376545,29.96360027,29.76505625,29.88087359,33.3113999
Wangen-Brüttisellen,Deutsches Sprachgebiet,Zürich,Bezirk Uster,34.26645931,34.00725765,32.87179487,39.97990959,39.67855349,32.19487695,32.19487695,33.46633417,33.46633417,41.06053496,41.24824026,53.16982878,53.12355391,53.16982878,45.58756287,45.40466392,41.64444444,41.73333333,35.26383526,35.22093522,35.22093522,39.84706882
Altikon,Deutsches Sprachgebiet,Zürich,Bezirk Winterthur,48.41772152,48.10126582,56.69781932,58.69565217,58.07453416,56,56,52.90519878,52.59938838,67.27272727,67.27272727,70.39274925,70.39274925,70.09063444,62.42424242,62.12121212,62.98507463,62.98507463,51.1627907,51.1627907,51.1627907,54.59770115
Brütten,Deutsches Sprachgebiet,Zürich,Bezirk Winterthur,50.78125,50.13020833,54.78374836,61.07554417,60.69142126,57.6971214,57.6971214,57.92682927,57.80487805,59.23344948,59.58188153,75.26254376,75.26254376,75.14585764,67.09154114,66.39629201,65.336374,64.99429875,58.75706215,58.1920904,58.4180791,61.34831461
Dägerlen,Deutsches Sprachgebiet,Zürich,Bezirk Winterthur,67.52136752,66.0968661,66.20498615,66.56891496,67.74193548,62.60387812,62.60387812,67.76859504,67.21763085,63.5883905,64.11609499,80.62015504,79.84496124,79.58656331,69.44444444,69.44444444,69.5,69,63.95061728,63.7037037,64.19753086,66.41975309
Dättlikon,Deutsches Sprachgebiet,Zürich,Bezirk Winterthur,47.45762712,47.11864407,48.52459016,57.41935484,57.41935484,41.31147541,41.31147541,55.04885994,54.07166124,53.4591195,53.4591195,74.53416149,74.22360248,74.53416149,52.83018868,52.83018868,67.0886076,67.0886076,47.96238245,47.64890282,47.64890282,52.99684543
Dinhard,Deutsches Sprachgebiet,Zürich,Bezirk Winterthur,59.13461539,59.13461539,67.61904762,65.11627907,65.11627907,60.9939759,60.9939759,64.56456457,64.11411411,59.52380952,59.07738095,80.44444444,80.44444444,80.2962963,64.62882096,64.19213974,69.1411936,68.99563319,58.94134478,58.36909871,59.0844063,60.51873199
Ellikon an der Thur,Deutsches Sprachgebiet,Zürich,Bezirk Winterthur,61.24260355,61.24260355,55.81395349,71.92982456,73.09941521,57.30659026,57.30659026,65.31791908,65.60693642,63.00578035,63.00578035,79.71014493,80.28985507,80,65.35211268,65.35211268,64.70588235,64.70588235,60.95505618,59.5505618,60.11235955,68.61111111
Elsau,Deutsches Sprachgebiet,Zürich,Bezirk Winterthur,41.20845922,41.20845922,45.07211539,55.10574018,54.98489426,44.83793517,44.83793517,47.59071981,47.53123141,55.8411215,55.95794393,65.29653553,65.35525543,65.0616559,54,54.05882353,55.4188635,55.47744581,46.81344148,46.40787949,46.69756663,47.27582293
Hagenbuch,Deutsches Sprachgebiet,Zürich,Bezirk Winterthur,55.63909774,55.13784461,54.7029703,60.73170732,60,50.23809524,50.23809524,57.41626794,57.41626794,53.73831776,54.43925234,74.31192661,73.85321101,73.62385321,61.69724771,62.8440367,60.0456621,59.8173516,59.49656751,58.5812357,59.49656751,57.50577367
Hettlingen,Deutsches Sprachgebiet,Zürich,Bezirk Winterthur,48.37398374,48.17073171,51,51.61606268,51.51811949,39.98073218,39.98073218,50.61611374,50.71090047,50.32740879,50.14031805,71.53488372,71.53488372,71.44186047,59.76058932,59.66850829,63.26905418,63.36088154,54.46265938,54.46265938,54.55373406,55.9926807
Neftenbach,Deutsches Sprachgebiet,Zürich,Bezirk Winterthur,40.78408426,40.60854301,36.79906542,45.07862551,44.84566104,33.84703196,33.84703196,43.65395561,43.31246443,41.81204277,41.98086663,60.68660022,60.63122924,60.29900332,45.579352,45.35969248,50.43103448,50.48491379,40.68891281,40.2583423,40.31216362,43.76672017
Pfungen,Deutsches Sprachgebiet,Zürich,Bezirk Winterthur,36.25325239,36.07979185,39.03697335,42.44791667,42.1875,35.94936709,35.94936709,39.04923599,38.96434635,37.21325404,37.55310111,61.4417435,61.5255658,61.5255658,44.0167364,43.68200837,50.08291874,50.16583748,37.89991797,37.73584906,37.81788351,40.56059357
Rickenbach (ZH),Deutsches Sprachgebiet,Zürich,Bezirk Winterthur,57.45526839,57.65407555,57.43842365,60.26743076,59.9808978,50.18518519,50.18518519,53.39449541,53.30275229,51.38764548,51.20859445,70.11596789,70.02676182,69.93755575,55.53571429,55.35714286,61.53169014,61.70774648,48.25174825,47.81468532,48.07692308,47.4137931
Schlatt (ZH),Deutsches Sprachgebiet,Zürich,Bezirk Winterthur,59.70149254,59.10447761,57.05882353,70.35928144,70.05988024,50,50,65.6626506,64.45783133,64.60176991,64.89675516,76.03550296,76.03550296,76.03550296,67.96407186,67.36526946,70.97701149,70.97701149,64.28571429,63.71428571,64.57142857,59.02578797
Seuzach,Deutsches Sprachgebiet,Zürich,Bezirk Winterthur,40.7253886,40.27633852,46.39210347,51.49882115,51.39777703,39.50699534,39.50699534,43.55746936,43.39185161,43.58890702,43.78466558,69.55820703,69.49371171,69.30022573,53.43779981,53.40582028,58.03971813,57.81550288,46.17322835,46.07874016,46.17322835,47.06799751
Turbenthal,Deutsches Sprachgebiet,Zürich,Bezirk Winterthur,53.04659498,52.80764636,56.58049354,62.85211268,63.02816901,53.78346915,53.78346915,58.19014891,57.8465063,57.18374356,57.75615341,73.96483267,73.96483267,74.02155417,58.29596413,58.1838565,63.18131257,63.07007786,58.49474267,57.83065855,57.77531821,56.14230128
Winterthur,Deutsches Sprachgebiet,Zürich,Bezirk Winterthur,42.32734189,42.15020883,53.07359469,51.21478972,51.17755478,55.50995394,55.50995394,48.71319783,49.01335903,51.70678458,51.77709116,62.14648564,62.1446384,61.95991503,51.94819571,51.96479965,50.03496118,49.85647518,47.05806475,46.84246411,47.03226639,47.37219434
Zell (ZH),Deutsches Sprachgebiet,Zürich,Bezirk Winterthur,37.40490279,37.61622992,41.51182432,48.58611825,48.80034276,37.51600512,37.51600512,43.71308017,43.62869198,43.31797235,43.31797235,62.27197347,62.35489221,62.10613599,55.20267447,55.11909737,49.21030756,49.25187032,42.41164241,42.16216216,42.45322245,47.87277984
Aesch (ZH),Deutsches Sprachgebiet,Zürich,Bezirk Dietikon,64.76377953,64.56692913,65.81027668,68.51485149,68.11881188,59.04761905,59.04761905,66.98841699,66.21621622,63.4369287,63.61974406,74.6350365,74.6350365,74.6350365,64.6953405,64.51612903,65.61954625,65.79406632,58.41924399,58.59106529,58.41924399,63.05841924
Birmensdorf (ZH),Deutsches Sprachgebiet,Zürich,Bezirk Dietikon,58.55662737,57.66345123,36.85127133,39.06146728,39.06146728,33.71048253,33.71048253,39.55395212,39.4555592,51.21634771,51.31365553,61.20661693,61.40123257,61.69315602,48.16602317,48.06949807,47.79270633,47.56877799,37.04886618,36.88917279,36.88917279,43.77190188
Dietikon,Deutsches Sprachgebiet,Zürich,Bezirk Dietikon,33.51575456,33.4079602,32.03550197,39.46270649,39.36258969,30.88332781,30.88332781,35.1502676,35.02675998,39.01612237,39.10706904,53.58736981,53.40552157,53.49644569,39.10743802,38.95041322,37.89152654,37.79261457,33.1878089,32.74299835,33.14662274,38.67667684
Geroldswil,Deutsches Sprachgebiet,Zürich,Bezirk Dietikon,28.94954508,28.90818859,28.1561131,34.9609375,34.8046875,28.0620155,28.0620155,33.59375,33.359375,38.18393481,38.41676368,52.13051823,52.01535509,52.16890595,40.19193858,40.11516315,40.76190476,40.72380952,30.37542662,30.2237391,30.29958286,34.91704374
Oberengstringen,Deutsches Sprachgebiet,Zürich,Bezirk Dietikon,29.18362461,29.03998085,29.46575665,38.9747191,38.9747191,29.26261921,29.26261921,34.17132216,34.00837989,40.68192433,41.03222793,51.26820103,50.96289338,51.43259746,43.41703825,43.01807088,54.52876377,54.37576499,34.23593125,33.60018837,34.28302331,34.66446125
Oetwil an der Limmat,Deutsches Sprachgebiet,Zürich,Bezirk Dietikon,35.27542373,35.16949153,33.47107438,37.5249501,37.5249501,31.15530303,31.15530303,34.71698113,34.90566038,39.39655172,39.39655172,53.5130719,53.59477124,53.75816994,47.12171053,47.12171053,45.18695306,45.26650756,36.47798742,36.39937107,36.39937107,41.54325799
Schlieren,Deutsches Sprachgebiet,Zürich,Bezirk Dietikon,35.54433072,35.39811246,34.8756352,45.64753004,45.63417891,33.85691658,33.85691658,43.02141158,42.87602432,40.04223307,39.65949584,48.9898323,49.01624191,48.96342269,45.58127301,45.37085744,37.75189741,37.76498299,37.25873761,37.12832551,37.27177882,38.40447684
Uitikon,Deutsches Sprachgebiet,Zürich,Bezirk Dietikon,45.02012072,44.96981891,46.94181999,51.43564356,51.28712871,43.26784859,43.26784859,49.68973747,49.73747017,51.38888889,51.24521073,65.09298999,65.18836433,65.18836433,63.15789474,62.96823139,59.22284644,59.082397,50.37313433,50.09328358,50.41977612,46.08574091
Unterengstringen,Deutsches Sprachgebiet,Zürich,Bezirk Dietikon,35.26697429,35.00329598,34.78827362,42.39130435,42.00767263,43.59621451,43.59621451,36.43169058,36.36930755,41.00808961,41.19477287,55.30726257,55.43140906,55.36933582,47.62202753,47.49687109,45.2631579,45.2631579,37.78461539,37.16923077,37.53846154,41.83486239
Urdorf,Deutsches Sprachgebiet,Zürich,Bezirk Dietikon,29.1423002,29.06432749,30.73770492,36.03674028,36.11491108,28.47181871,28.47181871,31.40606992,31.31002689,38.31293038,38.54246366,50.75684997,50.6993677,50.71852845,39.31722286,39.31722286,39.63133641,39.59293395,31.07170393,31.07170393,31.01387818,34.76345528
Weiningen (ZH),Deutsches Sprachgebiet,Zürich,Bezirk Dietikon,32.80898876,32.69662921,32.27777778,40.30922143,40.14356709,31.27035831,31.27035831,35.23706897,34.69827586,45.78183772,45.78183772,53.28701229,53.23356494,53.23356494,42.87222809,40.65469905,44.09937888,44.15113872,35.21560575,34.59958932,34.80492813,39.2547218
Zürich,Deutsches Sprachgebiet,Zürich,Bezirk Zürich,34.39965157,34.24090461,36.66173118,41.83407296,41.81930784,37.06403301,37.06403301,37.42909439,37.33427874,43.24342253,43.43537782,49.89161116,50.08227604,49.93140209,44.98774764,44.77841924,42.48267663,42.3696123,38.29167708,38.15379489,38.28376239,35.13257694
Stammheim,Deutsches Sprachgebiet,Zürich,Bezirk Andelfingen,60.3500761,59.8173516,60.73025335,66.0014782,65.41019956,58.51688693,58.51688693,64.54212454,64.32234432,68.8172043,69.390681,80.27162259,80.20014296,80.27162259,66.66666667,66.66666667,73.82785165,73.82785165,63.36357292,62.9448709,63.4333566,73.0125523
Wädenswil,Deutsches Sprachgebiet,Zürich,Bezirk Horgen,35.02464248,34.90344995,37.25348145,42.39730963,42.50140123,35.33428617,35.33428617,35.70749485,35.69957218,41.74636498,41.84744577,55.75570159,56.00309239,55.91032084,46.41181448,46.34258903,50.92287662,50.83863062,43.15514994,42.65664545,43.12447274,39.26825542
Elgg,Deutsches Sprachgebiet,Zürich,Bezirk Winterthur,43.38902148,43.0548926,46.00371747,51.85013876,51.9426457,43.4542949,43.4542949,51.23966942,50.82644628,47.73441005,48.13817856,66.88918558,67.06720071,67.20071206,51.21412804,51.21412804,52.24274406,52.19876869,47.65041722,47.29907773,47.60649978,49.7160332
Horgen,Deutsches Sprachgebiet,Zürich,Bezirk Horgen,35.21139539,34.62166576,38.10469314,47.97797436,47.90575916,39.69155844,39.69155844,42.76950835,43.12133514,48.988622,48.83510927,61.40084086,61.39189552,61.37400483,49.07399123,49.02925651,58.58205611,58.61790804,45.74268063,45.4830334,45.6531471,42.34539298
Illnau-Effretikon,Deutsches Sprachgebiet,Zürich,Bezirk Pfäffikon,34.97913769,34.79369495,37.81278962,41.37692839,41.3193645,32.69208748,32.69208748,46.0523322,47.12172924,40.2404446,40.44459567,57.5348679,57.51218959,57.37611974,49.54586739,49.23932788,46.66666667,46.81331077,49.55086459,49.21401303,49.6968336,42.41984136
Bauma,Deutsches Sprachgebiet,Zürich,Bezirk Pfäffikon,41.46224146,40.98124098,40.94562648,51.93396226,51.79245283,36.8787738,36.8787738,45.76036866,45.39170507,40.25559105,40.34687357,62.78229449,62.69196025,62.64679314,57.07885305,56.76523298,52.21827862,52.39574091,41.79039301,41.65938865,41.70305677,41.98635976
Wiesendangen,Deutsches Sprachgebiet,Zürich,Bezirk Winterthur,57.85802216,57.61181781,58.65809562,63.87020182,63.39533043,58.52998066,58.52998066,61.11753372,61.07899807,59.60536113,59.86597171,77.45750185,77.56836659,77.3466371,67.69734449,67.5882139,66.60636758,66.35311143,62.97365572,62.46842295,62.86539156,64.13471874
Aarberg,Deutsches Sprachgebiet,Bern / Berne,Verwaltungskreis Seeland,32.96921549,32.96921549,29.3740759,42.75895925,42.75895925,35.09286413,35.09286413,32.88069835,32.88069835,38.75782378,38.75782378,62.84755513,62.84755513,62.84755513,42.67942584,42.67942584,43.75,43.75,37.16312057,37.16312057,37.16312057,34.02548372
Bargen (BE),Deutsches Sprachgebiet,Bern / Berne,Verwaltungskreis Seeland,28.7593985,28.7593985,24.24242424,39.10614525,39.10614525,23.30827068,23.30827068,30.82706767,30.82706767,35.8490566,35.8490566,57.64925373,57.64925373,57.64925373,36.68528864,36.68528864,36.89138577,36.89138577,30.62730627,30.62730627,30.62730627,26.987061
Grossaffoltern,Deutsches Sprachgebiet,Bern / Berne,Verwaltungskreis Seeland,26.21173469,26.21173469,22.0541903,42.50155569,42.50155569,50.86633663,50.86633663,29.98753117,29.98753117,39.55500618,39.55500618,58.57406269,58.57406269,58.57406269,37.29332517,37.29332517,36.47836539,36.47836539,31.39534884,31.39534884,31.39534884,28.38983051
Kallnach,Deutsches Sprachgebiet,Bern / Berne,Verwaltungskreis Seeland,22.97410192,22.97410192,24.13223141,41.25305126,41.25305126,27.82258065,27.82258065,31.00961539,31.00961539,34.34991974,34.34991974,60.38338658,60.38338658,60.38338658,37.58012821,37.58012821,42.17633042,42.17633042,33.28,33.28,33.28,30.29576339
Kappelen,Deutsches Sprachgebiet,Bern / Berne,Verwaltungskreis Seeland,28.1300813,28.1300813,25.04065041,40.35947712,40.35947712,25.40453074,25.40453074,30.74433657,30.74433657,37.08399366,37.08399366,53.55450237,53.55450237,53.55450237,34.01253919,34.01253919,36.50546022,36.50546022,31.52173913,31.52173913,31.52173913,25.89147287
Lyss,Deutsches Sprachgebiet,Bern / Berne,Verwaltungskreis Seeland,27.33279613,27.33279613,23.70322788,33.52017937,33.52017937,27.1355986,27.1355986,26.57220188,26.57220188,32.41465706,32.41465706,53.23506594,53.23506594,53.23506594,35.8490566,35.8490566,35.72854291,35.72854291,28.97282358,28.97282358,28.97282358,28.23619632
Meikirch,Deutsches Sprachgebiet,Bern / Berne,Verwaltungskreis Bern-Mittelland,40.68071313,40.68071313,36.18581907,51.76565008,51.76565008,39.48397185,39.48397185,37.7254902,37.7254902,51.69230769,51.69230769,67.43119266,67.43119266,67.43119266,48.03030303,48.03030303,51.77895534,51.77895534,65.51204819,65.51204819,65.51204819,41.79216868
Radelfingen,Deutsches Sprachgebiet,Bern / Berne,Verwaltungskreis Seeland,29.91452992,29.91452992,20.58414465,42.75862069,42.75862069,24.93074792,24.93074792,33.10344828,33.10344828,37.48290014,37.48290014,58.63013699,58.63013699,58.63013699,38.28337875,38.28337875,45.42974079,45.42974079,62.1253406,62.1253406,62.1253406,32.28021978
Rapperswil (BE),Deutsches Sprachgebiet,Bern / Berne,Verwaltungskreis Seeland,28.64180155,28.64180155,58.92608089,48.42249657,48.42249657,29.5687885,29.5687885,36.58038147,36.58038147,40.9556314,40.9556314,58.03389831,58.03389831,58.03389831,41.50815217,41.50815217,41.41616567,41.41616567,36.9926813,36.9926813,36.9926813,36.15591398
Schüpfen,Deutsches Sprachgebiet,Bern / Berne,Verwaltungskreis Seeland,27.70398482,27.70398482,25.82070707,40.76393237,40.76393237,29.09203212,29.09203212,31.16480793,31.16480793,39.25290876,39.25290876,59.30445394,59.30445394,59.30445394,41.60539216,41.60539216,38.89897157,38.89897157,53.16074654,53.16074654,53.16074654,31.18664282
Seedorf (BE),Deutsches Sprachgebiet,Bern / Berne,Verwaltungskreis Seeland,24.32962721,24.32962721,21.19635891,47.39517154,47.39517154,60.36432161,60.36432161,31.50343107,31.50343107,37.05080545,37.05080545,58.49408836,58.49408836,58.49408836,39.05660377,39.05660377,40.2507837,40.2507837,30.80273802,30.80273802,30.80273802,32.35477826
Aarwangen,Deutsches Sprachgebiet,Bern / Berne,Verwaltungskreis Oberaargau,37.15341959,37.15341959,25.97042514,40.20379806,40.20379806,28.6040146,28.6040146,33.56227106,33.56227106,34.2459605,34.2459605,57.71122038,57.71122038,57.71122038,39.15367483,39.15367483,56.35481024,56.35481024,30.96491228,30.96491228,30.96491228,29.78165939
Auswil,Deutsches Sprachgebiet,Bern / Berne,Verwaltungskreis Oberaargau,26.84563758,26.84563758,19.33333333,38.46153846,38.46153846,26.2295082,26.2295082,24.74916388,24.74916388,27.68729642,27.68729642,58.44155844,58.44155844,58.44155844,28.43137255,28.43137255,35.94771242,35.94771242,26.1589404,26.1589404,26.1589404,27
Bannwil,Deutsches Sprachgebiet,Bern / Berne,Verwaltungskreis Oberaargau,38.98305085,38.98305085,30.75117371,42.53393665,42.53393665,77.26269316,77.26269316,40.09009009,40.09009009,40.52863436,40.52863436,61.50442478,61.50442478,61.50442478,43.75,43.75,60.83150985,60.83150985,33.62637363,33.62637363,33.62637363,31.50984683
Bleienbach,Deutsches Sprachgebiet,Bern / Berne,Verwaltungskreis Oberaargau,26.84563758,26.84563758,23.80952381,40.54669704,40.54669704,25.28216704,25.28216704,30.45454546,30.45454546,33.93665158,33.93665158,54.86725664,54.86725664,54.86725664,37.19376392,37.19376392,38.58093126,38.58093126,30.04385965,30.04385965,30.04385965,24.29501085
Busswil bei Melchnau,Deutsches Sprachgebiet,Bern / Berne,Verwaltungskreis Oberaargau,45.77464789,45.77464789,37.14285714,58.33333333,58.33333333,37.41007194,37.41007194,42.10526316,42.10526316,48.14814815,48.14814815,63.23529412,63.23529412,63.23529412,46.51162791,46.51162791,48.8372093,48.8372093,40.15151515,40.15151515,40.15151515,40.29850746
Gondiswil,Deutsches Sprachgebiet,Bern / Berne,Verwaltungskreis Oberaargau,23.20441989,23.20441989,25.58983666,43.43065693,43.43065693,24.23146474,24.23146474,31.84257603,31.84257603,57.27272727,57.27272727,63.93442623,63.93442623,63.93442623,32.17550274,32.17550274,44.68864469,44.68864469,33.5174954,33.5174954,33.5174954,29.70479705
Langenthal,Deutsches Sprachgebiet,Bern / Berne,Verwaltungskreis Oberaargau,42.85556781,42.85556781,27.58997922,44.77014603,44.77014603,31.07501603,31.07501603,36.85388469,36.85388469,36.42105263,36.42105263,54.81699621,54.81699621,54.81699621,41.81856275,41.81856275,48.00292765,48.00292765,33.5431749,33.5431749,33.5431749,31.26501619
Lotzwil,Deutsches Sprachgebiet,Bern / Berne,Verwaltungskreis Oberaargau,41.13381674,41.13381674,24.78519498,40.3450564,40.3450564,39.69816273,39.69816273,27.90395847,27.90395847,32.3238973,32.3238973,55.76036866,55.76036866,55.76036866,38.57627119,38.57627119,45.92592593,45.92592593,28.94915254,28.94915254,28.94915254,27.84206944
Madiswil,Deutsches Sprachgebiet,Bern / Berne,Verwaltungskreis Oberaargau,37.27465536,37.27465536,26.45975802,46.25065548,46.25065548,46.73629243,46.73629243,31.45245559,31.45245559,34.33298863,34.33298863,58.77192983,58.77192983,58.77192983,36.99690403,36.99690403,46.04651163,46.04651163,31.09156751,31.09156751,31.09156751,30.35343035
Melchnau,Deutsches Sprachgebiet,Bern / Berne,Verwaltungskreis Oberaargau,34.44108761,34.44108761,27.76089159,43.81237525,43.81237525,66.40079761,66.40079761,30.5,30.5,32.44837758,32.44837758,56.94444444,56.94444444,56.94444444,40.07897335,40.07897335,43.63277394,43.63277394,31.59960746,31.59960746,31.59960746,29.87267385
Oeschenbach,Deutsches Sprachgebiet,Bern / Berne,Verwaltungskreis Oberaargau,25.25252525,25.25252525,19,41.53846154,41.53846154,20.81218274,20.81218274,19.89795918,19.89795918,27.86069652,27.86069652,44.94949495,44.94949495,44.94949495,25.88832487,25.88832487,38.19095477,38.19095477,19,19,19,27.5862069
Reisiswil,Deutsches Sprachgebiet,Bern / Berne,Verwaltungskreis Oberaargau,35.48387097,35.48387097,29.50819672,50,50,30.5785124,30.5785124,40.6504065,40.6504065,40.47619048,40.47619048,62.87878788,62.87878788,62.87878788,38.28125,38.28125,46.21212121,46.21212121,37.87878788,37.87878788,37.87878788,43.51145038
Roggwil (BE),Deutsches Sprachgebiet,Bern / Berne,Verwaltungskreis Oberaargau,33.24035332,33.24035332,36.61453542,39.7512667,39.7512667,26.33027523,26.33027523,30.21549748,30.21549748,35.577798,35.577798,55.01133787,55.01133787,55.01133787,38.77917415,38.77917415,48.51485149,48.51485149,29.16853933,29.16853933,29.16853933,28.87796156
Rohrbach,Deutsches Sprachgebiet,Bern / Berne,Verwaltungskreis Oberaargau,28.36879433,28.36879433,57.02811245,37.14001986,37.14001986,58.49802372,58.49802372,24.5,24.5,58.47208619,58.47208619,63.60946746,63.60946746,63.60946746,34.99005964,34.99005964,50.44598613,50.44598613,25.64102564,25.64102564,25.64102564,25.91857001
Rohrbachgraben,Deutsches Sprachgebiet,Bern / Berne,Verwaltungskreis Oberaargau,27.39726027,27.39726027,26.17449664,48.32214765,48.32214765,27.21088435,27.21088435,27.14776632,27.14776632,29.31034483,29.31034483,63.13993174,63.13993174,63.13993174,34.91525424,34.91525424,46.8013468,46.8013468,33.89261745,33.89261745,33.89261745,27.86885246
Rütschelen,Deutsches Sprachgebiet,Bern / Berne,Verwaltungskreis Oberaargau,33.71428571,33.71428571,28.125,42.01680672,42.01680672,34.46327684,34.46327684,33.05322129,33.05322129,35.71428571,35.71428571,52.73775216,52.73775216,52.73775216,34.57142857,34.57142857,44.34782609,44.34782609,34.80662983,34.80662983,34.80662983,28.09917355
Schwarzhäusern,Deutsches Sprachgebiet,Bern / Berne,Verwaltungskreis Oberaargau,41.10032363,41.10032363,32.03883495,39.61038961,39.61038961,37.75510204,37.75510204,37.04918033,37.04918033,73.85620915,73.85620915,64.45182724,64.45182724,64.45182724,44.44444444,44.44444444,53.37620579,53.37620579,30.06535948,30.06535948,30.06535948,26.42140468
Thunstetten,Deutsches Sprachgebiet,Bern / Berne,Verwaltungskreis Oberaargau,32.73150845,32.73150845,57.89473684,37.81464531,37.81464531,24.5325779,24.5325779,30.54298643,30.54298643,29.29405225,29.29405225,54.30794886,54.30794886,54.30794886,36.7003367,36.7003367,48.23726917,48.23726917,27.69058296,27.69058296,27.69058296,28.77777778
Ursenbach,Deutsches Sprachgebiet,Bern / Berne,Verwaltungskreis Oberaargau,24.16534181,24.0063593,19.48881789,35.61208267,35.61208267,25.72347267,25.72347267,26.49434572,26.49434572,28.9514867,28.9514867,51.01088647,51.01088647,51.01088647,30.34901366,30.34901366,40.27355623,40.27355623,27.34254992,27.34254992,27.34254992,28.15384615
Wynau,Deutsches Sprachgebiet,Bern / Berne,Verwaltungskreis Oberaargau,59.68778696,59.68778696,23.96694215,41.73515982,41.73515982,26.67277727,26.67277727,30.09090909,30.09090909,30.88768116,30.88768116,54.18181818,54.18181818,54.18181818,37.11151737,37.11151737,40.4676259,40.4676259,25.7918552,25.7918552,25.7918552,26.89152233
Bern,Deutsches Sprachgebiet,Bern / Berne,Verwaltungskreis Bern-Mittelland,31.36934207,31.36934207,26.79825489,39.96797535,39.96797535,32.51532495,32.51532495,30.13093788,30.13093788,41.75294082,41.75294082,52.14508301,52.14508301,52.14508301,43.7376816,43.7376816,41.54901662,41.54901662,41.78096838,41.78096838,41.78096838,29.88673469
Bolligen,Deutsches Sprachgebiet,Bern / Berne,Verwaltungskreis Bern-Mittelland,27.59249224,27.59249224,24.49946803,39.1182982,39.1182982,26.87095422,26.87095422,38.10709838,38.10709838,58.58415603,58.58415603,65.40476191,65.40476191,65.40476191,52.18527316,52.18527316,51.59235669,51.59235669,42.45283019,42.45283019,42.45283019,38.35066163
Bremgarten bei Bern,Deutsches Sprachgebiet,Bern / Berne,Verwaltungskreis Bern-Mittelland,43.01215278,43.01215278,39.49072076,52.72572402,52.72572402,36.79525223,36.79525223,38.51725607,38.51725607,61.30252101,61.30252101,66.37608966,66.37608966,66.37608966,53.22047894,53.22047894,53.76078915,53.76078915,43.02087597,43.02087597,43.02087597,37.31942215
Kirchlindach,Deutsches Sprachgebiet,Bern / Berne,Verwaltungskreis Bern-Mittelland,39.44658945,39.44658945,34.5177665,48.09348094,48.09348094,33.45476624,33.45476624,37.6969697,37.6969697,49.46428571,49.46428571,63.83105295,63.83105295,63.83105295,52.55562237,52.55562237,52.07591934,52.07591934,43.05225653,43.05225653,43.05225653,36.58536585
Köniz,Deutsches Sprachgebiet,Bern / Berne,Verwaltungskreis Bern-Mittelland,33.51825571,33.51825571,40.9129839,41.66383557,41.66383557,32.81463961,32.81463961,34.42887263,34.42887263,45.93264459,45.93264459,55.79117114,55.79117114,55.79117114,45.76420968,45.76420968,44.11610984,44.11610984,39.65351299,39.65351299,39.65351299,34.40915982
Muri bei Bern,Deutsches Sprachgebiet,Bern / Berne,Verwaltungskreis Bern-Mittelland,37.61051652,37.61051652,31.68989748,45.30825023,45.30825023,37.47188484,37.47188484,37.10981361,37.10981361,57.05651931,57.05651931,62.84726096,62.84726096,62.84726096,50.62472111,50.62472111,51.64604507,51.64604507,50.74000442,50.74000442,50.74000442,44.05602117
Oberbalm,Deutsches Sprachgebiet,Bern / Berne,Verwaltungskreis Bern-Mittelland,26.8683274,26.8683274,25.13368984,41.74067496,41.74067496,24.51838879,24.51838879,31.58813264,31.58813264,46.02649007,46.02649007,57.5,57.5,57.5,52.35690236,52.35690236,47.47474748,47.47474748,34.7008547,34.7008547,34.7008547,41.09589041
Stettlen,Deutsches Sprachgebiet,Bern / Berne,Verwaltungskreis Bern-Mittelland,38.69007427,38.69007427,29.38856016,45.04391468,45.04391468,35.54473524,35.54473524,38.48484849,38.48484849,43.66529169,43.66529169,61.24486201,61.24486201,61.24486201,45.14252472,45.14252472,49.65075669,49.65075669,37.2334294,37.2334294,37.2334294,33.33333333
